	kingdom	phylum	class	order	family	genus	refOTUs	repGenome	R2_site	R2_center	R2_age	R2_sex	R2_smokingstatus	R2_periodontitis	R2_antibiotic	R2_metformin.ever	R2_status	p_site	p_center	p_age	p_sex	p_smokingstatus	p_periodontitis	p_antibiotic	p_metformin.ever	p_status
216816	2 Bacteria	201174 Actinobacteria	1760 Actinobacteria	85004 Bifidobacteriales	31953 Bifidobacteriaceae	1678 Bifidobacterium	216816 Bifidobacterium longum [C]	216816 Bifidobacterium longum	0.366	0.003	0.003	0.019	0.010	0.003	0.007	0.012	0.019	1.00E-04	0.6736	0.6215	0.0186	0.7582	0.6061	0.2139	0.2647	0.0159
1122992	2 Bacteria	976 Bacteroidetes	200643 Bacteroidia	171549 Bacteroidales	171552 Prevotellaceae	838 Prevotella	386414 Prevotella timonensis	1122992 Prevotella timonensis 4401737 = DSM 22865 = JCM 15640	0.296	-0.001	0.006	0.001	-0.003	0.009	0.001	0.015	-0.002	1.00E-04	0.8895	0.2788	0.7779	0.9854	0.1823	0.7034	0.2037	0.9531
203275	2 Bacteria	976 Bacteroidetes	200643 Bacteroidia	171549 Bacteroidales	171551 Porphyromonadaceae	195950 Tannerella	28112 Tannerella forsythia	203275 Tannerella forsythia 92A2	0.294	0.001	0.012	0.005	0.016	0.005	0.005	0.017	0.012	1.00E-04	0.8707	0.0977	0.4281	0.5115	0.4633	0.4444	0.1731	0.1063
326426	2 Bacteria	201174 Actinobacteria	1760 Actinobacteria	85004 Bifidobacteriales	31953 Bifidobacteriaceae	1678 Bifidobacterium	1685 Bifidobacterium breve	326426 Bifidobacterium breve UCC2003	0.286	0.016	0.003	0.019	0.037	0.005	0.006	0.025	0.017	1.00E-04	0.125	0.8109	0.0803	0.1729	0.7111	0.6073	0.1863	0.1135
484018	2 Bacteria	976 Bacteroidetes	200643 Bacteroidia	171549 Bacteroidales	815 Bacteroidaceae	816 Bacteroides	310297 Bacteroides plebeius	484018 Bacteroides plebeius DSM 17135	0.239	0.021	0.000	0.018	0.003	0.007	0.008	0.004	0.000	1.00E-04	0.0238	0.8617	0.0431	0.9536	0.4046	0.393	0.8824	0.8837
322159	2 Bacteria	1239 Firmicutes	91061 Bacilli	186826 Lactobacillales	1300 Streptococcaceae	1301 Streptococcus	1308 Streptococcus thermophilus	322159 Streptococcus thermophilus LMD-9	0.197	0.004	0.001	0.006	0.020	0.004	0.003	-0.001	0.017	1.00E-04	0.4783	0.9233	0.2967	0.2003	0.4774	0.6061	0.9991	0.0207
573	2 Bacteria	1224 Proteobacteria	1236 Gammaproteobacteria	91347 Enterobacteriales	543 Enterobacteriaceae	570 Klebsiella	NA Klebsiella sp. [C quasipneumoniae/pneumoniae/varicola]	573 Klebsiella pneumoniae	0.158	0.013	-0.020	0.016	0.027	-0.001	-0.005	0.024	0.027	1.00E-04	0.4144	0.988	0.3555	0.5826	0.8384	0.8846	0.3705	0.1339
575593	2 Bacteria	1239 Firmicutes	186801 Clostridia	186802 Clostridiales	186803 Lachnospiraceae	NA Lachnospiraceae gen. incertae sedis	712991 Lachnospiraceae bacterium oral taxon 500	575593 Lachnospiraceae oral taxon 107 str. F0167	0.143	0.000	0.006	0.009	0.018	0.005	0.005	0.028	0.016	1.00E-04	0.8943	0.5757	0.3232	0.6159	0.5994	0.6255	0.056	0.0617
626522	2 Bacteria	976 Bacteroidetes	200643 Bacteroidia	171549 Bacteroidales	171552 Prevotellaceae	1283313 Alloprevotella	76122 Alloprevotella tannerae	626522 Alloprevotella tannerae ATCC 51259	0.139	0.016	0.006	0.011	0.019	0.018	0.005	0.021	0.006	1.00E-04	0.0433	0.4505	0.1354	0.3958	0.024	0.5459	0.0989	0.4315
457405	2 Bacteria	32066 Fusobacteria	203490 Fusobacteriia	203491 Fusobacteriales	203492 Fusobacteriaceae	848 Fusobacterium	851 Fusobacterium nucleatum subsp. animalis [C]	457405 Fusobacterium nucleatum subsp. animalis 7_1	0.138	0.019	0.009	0.016	0.036	0.011	0.009	0.016	0.014	1.00E-04	0.0617	0.4289	0.107	0.21	0.3317	0.4925	0.6294	0.1761
155864	2 Bacteria	1224 Proteobacteria	1236 Gammaproteobacteria	91347 Enterobacteriales	543 Enterobacteriaceae	NA Enterobacteriaceae gen. [C Escherichia/Shigella]	NA Enterobacteriaceae sp. [C Escherichia coli/Escherichia fergusonii/Shigella boydii/Shigella dysenteriae/Shigella flexneri/Shigella sonnei]	155864 Escherichia coli O157:H7 str. EDL933	0.130	0.003	0.003	0.006	0.016	0.001	0.001	0.009	0.002	1.00E-04	0.8557	0.8317	0.4845	0.6978	0.9634	0.9468	0.8221	0.8885
1403946	2 Bacteria	1239 Firmicutes	91061 Bacilli	186826 Lactobacillales	1300 Streptococcaceae	1301 Streptococcus	1328 Streptococcus anginosus	1403946 Streptococcus anginosus DORA_7	0.126	0.006	0.020	0.029	0.049	0.010	0.005	0.024	0.007	1.00E-04	0.6353	0.062	0.0075	0.0395	0.3642	0.6519	0.216	0.5723
1236517	2 Bacteria	976 Bacteroidetes	200643 Bacteroidia	171549 Bacteroidales	171552 Prevotellaceae	838 Prevotella	589436 Prevotella fusca	1236517 Prevotella fusca JCM 17724	0.114	0.011	0.014	0.006	0.028	0.001	0.017	0.028	0.004	1.00E-04	0.3197	0.1652	0.7874	0.5125	0.9736	0.0616	0.0803	0.9016
679200	2 Bacteria	1239 Firmicutes	186801 Clostridia	186802 Clostridiales	186803 Lachnospiraceae	43994 Johnsonella	43995 Johnsonella ignava	679200 Johnsonella ignava ATCC 51276	0.112	0.014	0.007	0.005	0.025	0.013	0.008	0.031	0.017	1.00E-04	0.0835	0.5147	0.7238	0.3839	0.1071	0.4059	0.0234	0.0413
657319	2 Bacteria	1239 Firmicutes	186801 Clostridia	186802 Clostridiales	541000 Ruminococcaceae	1508657 Ruminiclostridium	39492 [Eubacterium] siraeum	657319 [Eubacterium] siraeum 70/3	0.110	0.011	0.019	0.012	0.019	0.005	0.010	-0.001	0.000	1.00E-04	0.2751	0.0568	0.2268	0.6689	0.7238	0.3364	0.9602	0.9066
657318	2 Bacteria	1239 Firmicutes	186801 Clostridia	186802 Clostridiales	186803 Lachnospiraceae	NA Lachnospiraceae gen. incertae sedis	39491 [Eubacterium] rectale	657318 [Eubacterium] rectale DSM 17629	0.110	0.010	0.009	0.011	0.013	0.008	0.010	0.015	0.013	1.00E-04	0.0935	0.1587	0.0582	0.9649	0.2928	0.0856	0.3878	0.0188
1321775	2 Bacteria	201174 Actinobacteria	1760 Actinobacteria	2037 Actinomycetales	2049 Actinomycetaceae	1654 Actinomyces	1654 Actinomyces sp. [C ICM58/oral taxon 172]	1321775 Actinomyces sp. oral taxon 172 str. F0311	0.108	0.013	0.006	0.011	0.030	0.012	0.008	0.029	0.006	1.00E-04	0.0168	0.2966	0.0371	0.0081	0.0268	0.1582	6.00E-04	0.3279
861454	2 Bacteria	1239 Firmicutes	186801 Clostridia	186802 Clostridiales	186803 Lachnospiraceae	NA Lachnospiraceae gen. incertae sedis	712976 Lachnospiraceae bacterium oral taxon 082	861454 Lachnospiraceae bacterium oral taxon 082 str. F0431	0.103	0.015	0.009	0.014	0.033	0.016	0.012	0.024	0.007	1.00E-04	0.0799	0.5069	0.1214	0.2539	0.048	0.2915	0.1715	0.7961
1236504	2 Bacteria	976 Bacteroidetes	200643 Bacteroidia	171549 Bacteroidales	171552 Prevotellaceae	838 Prevotella	470565 Prevotella histicola	1236504 Prevotella histicola JCM 15637 = DNF00424	0.098	0.011	0.010	0.009	0.030	0.010	0.002	0.021	0.009	1.00E-04	0.1639	0.2944	0.385	0.1995	0.2718	0.9849	0.2423	0.4359
575611	2 Bacteria	976 Bacteroidetes	200643 Bacteroidia	171549 Bacteroidales	171552 Prevotellaceae	838 Prevotella	28126 Prevotella buccae [C]	575611 Prevotella buccae D17	0.093	0.020	0.010	0.000	0.027	0.022	0.004	0.026	0.005	1.00E-04	0.0933	0.471	0.9342	0.617	0.0618	0.8271	0.2342	0.7564
552398	2 Bacteria	1239 Firmicutes	186801 Clostridia	186802 Clostridiales	541000 Ruminococcaceae	NA Ruminococcaceae gen. incertae sedis	552398 Ruminococcaceae bacterium D16	552398 Ruminococcaceae bacterium D16	0.085	0.007	0.007	0.006	0.018	0.007	0.004	0.014	0.007	1.00E-04	0.6637	0.623	0.7192	0.8701	0.5938	0.8933	0.6459	0.6425
537011	2 Bacteria	976 Bacteroidetes	200643 Bacteroidia	171549 Bacteroidales	171552 Prevotellaceae	838 Prevotella	165179 Prevotella copri	537011 Prevotella copri DSM 18205	0.083	0.017	-0.004	0.011	0.006	0.009	0.013	0.002	0.004	1.00E-04	0.1016	0.9604	0.3244	0.9292	0.3886	0.2228	0.9365	0.7121
1203611	2 Bacteria	976 Bacteroidetes	200643 Bacteroidia	171549 Bacteroidales	171550 Rikenellaceae	239759 Alistipes	328813 Alistipes onderdonkii [C]	1203611 Alistipes onderdonkii WAL 8169 = DSM 19147	0.081	0.053	0.005	0.014	0.013	0.009	0.005	0.048	0.009	1.00E-04	7.00E-04	0.5556	0.0921	0.7406	0.2515	0.5038	0.0022	0.256
547043	2 Bacteria	201174 Actinobacteria	1760 Actinobacteria	85004 Bifidobacteriales	31953 Bifidobacteriaceae	1678 Bifidobacterium	28026 Bifidobacterium pseudocatenulatum	547043 Bifidobacterium pseudocatenulatum DSM 20438 = JCM 1200 = LMG 10505	0.078	0.003	0.006	0.007	0.023	0.013	0.023	0.018	0.004	1.00E-04	0.8484	0.7221	0.6858	0.7614	0.3666	0.0749	0.6084	0.8404
470145	2 Bacteria	976 Bacteroidetes	200643 Bacteroidia	171549 Bacteroidales	815 Bacteroidaceae	816 Bacteroides	310298 Bacteroides coprocola	470145 Bacteroides coprocola DSM 17136	0.078	0.031	0.000	0.028	0.011	0.021	-0.001	0.003	-0.002	1.00E-04	0.0216	0.8398	0.0301	0.8029	0.0882	0.8635	0.8961	0.8937
449673	2 Bacteria	976 Bacteroidetes	200643 Bacteroidia	171549 Bacteroidales	815 Bacteroidaceae	816 Bacteroides	46506 Bacteroides stercoris	449673 Bacteroides stercoris ATCC 43183	0.074	0.011	0.003	0.008	0.037	-0.009	0.002	0.029	0.007	1.00E-04	0.2238	0.8276	0.4208	0.0695	0.9983	0.8609	0.0411	0.5016
1095727	2 Bacteria	1239 Firmicutes	91061 Bacilli	186826 Lactobacillales	1300 Streptococcaceae	1301 Streptococcus	1095727 Streptococcus sp. SK643	1095727 Streptococcus sp. SK643	0.071	0.017	0.009	0.012	0.025	0.017	0.008	0.020	0.009	1.00E-04	0.0063	0.3139	0.0946	0.4316	0.0085	0.439	0.1765	0.3716
556261	2 Bacteria	1239 Firmicutes	186801 Clostridia	186802 Clostridiales	31979 Clostridiaceae	1485 Clostridium	556261 Clostridium sp. D5	556261 Clostridium sp. D5	0.069	0.021	0.009	0.008	0.033	0.011	-0.011	-0.003	0.010	0.0011	0.1354	0.4875	0.5381	0.3713	0.4175	0.9729	0.979	0.449
411474	2 Bacteria	1239 Firmicutes	186801 Clostridia	186802 Clostridiales	186803 Lachnospiraceae	33042 Coprococcus	33043 Coprococcus eutactus	411474 Coprococcus eutactus ATCC 27759	0.067	0.011	0.015	0.007	0.019	-0.002	0.007	0.034	0.014	1.00E-04	0.4056	0.1438	0.7012	0.8439	0.9714	0.7096	0.0564	0.2169
657321	2 Bacteria	1239 Firmicutes	186801 Clostridia	186802 Clostridiales	541000 Ruminococcaceae	1263 Ruminococcus	40518 Ruminococcus bromii	657321 Ruminococcus bromii L2-63	0.066	0.012	0.009	0.007	0.030	0.010	0.006	0.017	0.018	1.00E-04	0.1008	0.36	0.6614	0.1298	0.2857	0.7845	0.4704	0.005
1115803	2 Bacteria	201174 Actinobacteria	1760 Actinobacteria	2037 Actinomycetales	2049 Actinomycetaceae	1654 Actinomyces	1655 Actinomyces naeslundii	1115803 Actinomyces naeslundii str. Howell 279	0.063	0.021	0.013	0.020	0.047	0.010	0.014	0.021	0.009	1.00E-04	0.0118	0.2176	0.018	0.0116	0.4903	0.1777	0.3623	0.4905
411483	2 Bacteria	1239 Firmicutes	186801 Clostridia	186802 Clostridiales	541000 Ruminococcaceae	216851 Faecalibacterium	853 Faecalibacterium prausnitzii	411483 Faecalibacterium prausnitzii A2-165	0.063	0.009	0.009	0.011	0.023	0.007	0.010	0.009	0.009	1.00E-04	0.3079	0.3204	0.14	0.596	0.5797	0.1562	0.9552	0.3484
435591	2 Bacteria	976 Bacteroidetes	200643 Bacteroidia	171549 Bacteroidales	NA Bacteroidales fam. [C Bacteroidaceae/Porphyromonadaceae]	NA Bacteroidales gen. [C Bacteroides/Porphyromonas/Parabacteroides]	NA Bacteroidales gen. [C Bacteroides sp./Porphyromonas sp./Parabacteroides distasonis]	435591 Parabacteroides distasonis ATCC 8503	0.062	0.008	0.010	0.004	0.017	0.005	0.004	0.010	0.022	1.00E-04	0.3373	0.1877	0.7863	0.7455	0.7375	0.8103	0.7729	0.0129
428125	2 Bacteria	1239 Firmicutes	186801 Clostridia	186802 Clostridiales	541000 Ruminococcaceae	1508657 Ruminiclostridium	1535 [Clostridium] leptum	428125 [Clostridium] leptum DSM 753	0.060	0.014	0.010	0.010	0.039	0.012	0.011	0.017	-0.002	1.00E-04	0.1833	0.4235	0.4813	0.1546	0.303	0.3767	0.5385	0.9628
626939	2 Bacteria	1239 Firmicutes	909932 Negativicutes	1843488 Acidaminococcales	909930 Acidaminococcaceae	33024 Phascolarctobacterium	626940 Phascolarctobacterium succinatutens	626939 Phascolarctobacterium succinatutens YIT 12067	0.060	0.024	0.033	-0.029	0.012	0.006	-0.029	0.027	0.016	0.0027	0.1412	0.0593	0.9596	0.7422	0.688	0.9606	0.3105	0.4055
435842	2 Bacteria	1239 Firmicutes	91061 Bacilli	186826 Lactobacillales	1300 Streptococcaceae	1301 Streptococcus	1304 Streptococcus salivarius [C]	435842 Streptococcus sp. C150	0.058	0.008	0.005	0.016	0.029	0.006	0.009	0.017	0.010	1.00E-04	0.1626	0.6307	0.0022	0.0105	0.4025	0.1458	0.0531	0.0887
657322	2 Bacteria	1239 Firmicutes	186801 Clostridia	186802 Clostridiales	541000 Ruminococcaceae	216851 Faecalibacterium	853 Faecalibacterium prausnitzii	657322 Faecalibacterium prausnitzii SL3/3	0.058	0.007	0.007	0.011	0.023	0.010	0.008	0.017	0.011	1.00E-04	0.6452	0.5108	0.1589	0.4912	0.2439	0.4054	0.3909	0.1485
553174	2 Bacteria	976 Bacteroidetes	200643 Bacteroidia	171549 Bacteroidales	171552 Prevotellaceae	838 Prevotella	28132 Prevotella melaninogenica [C]	553174 Prevotella melaninogenica ATCC 25845	0.055	0.009	0.008	0.008	0.021	0.008	0.008	0.015	0.005	1.00E-04	0.4356	0.4892	0.4523	0.7792	0.5169	0.548	0.6562	0.8479
190304	2 Bacteria	32066 Fusobacteria	203490 Fusobacteriia	203491 Fusobacteriales	203492 Fusobacteriaceae	848 Fusobacterium	851 Fusobacterium nucleatum subsp. nucleatum [C]	190304 Fusobacterium nucleatum subsp. nucleatum ATCC 25586	0.054	0.023	0.017	0.013	0.055	0.009	0.008	0.035	0.013	5.00E-04	0.1616	0.4016	0.5823	0.2637	0.8072	0.8479	0.2987	0.6133
702459	2 Bacteria	201174 Actinobacteria	1760 Actinobacteria	85004 Bifidobacteriales	31953 Bifidobacteriaceae	1678 Bifidobacterium	1681 Bifidobacterium bifidum	702459 Bifidobacterium bifidum PRL2010	0.054	0.021	0.024	0.017	0.071	0.016	0.042	0.013	0.038	0.0025	0.2268	0.1533	0.3824	0.0639	0.413	0.0116	0.5787	0.0252
537013	2 Bacteria	1239 Firmicutes	186801 Clostridia	186802 Clostridiales	541000 Ruminococcaceae	1508657 Ruminiclostridium	84026 [Clostridium] methylpentosum	537013 [Clostridium] methylpentosum DSM 5476	0.053	0.013	0.013	0.014	0.044	0.006	0.013	0.011	0.014	3.00E-04	0.2858	0.2758	0.2285	0.0873	0.8095	0.2525	0.9304	0.1978
1297857	2 Bacteria	1239 Firmicutes	91061 Bacilli	186826 Lactobacillales	1300 Streptococcaceae	1301 Streptococcus	1303 Streptococcus oralis [C]	1297857 Streptococcus oralis subsp. dentisani 7747	0.053	0.010	0.016	0.014	0.057	0.011	0.004	0.022	0.008	1.00E-04	0.3407	0.0568	0.0894	0.001	0.2441	0.8426	0.162	0.5581
1000570	2 Bacteria	1239 Firmicutes	91061 Bacilli	186826 Lactobacillales	1300 Streptococcaceae	1301 Streptococcus	1328 Streptococcus anginosus	1000570 Streptococcus anginosus SK52 = DSM 20563	0.052	0.017	0.024	0.043	0.036	0.032	0.008	0.049	0.008	2.00E-04	0.2033	0.0545	9.00E-04	0.3984	0.011	0.6991	0.0167	0.6497
563008	2 Bacteria	976 Bacteroidetes	200643 Bacteroidia	171549 Bacteroidales	171552 Prevotellaceae	838 Prevotella	28135 Prevotella oris	563008 Prevotella oris C735	0.051	0.014	0.009	0.005	0.024	0.008	0.009	0.032	0.007	1.00E-04	0.0454	0.5176	0.9362	0.7031	0.6092	0.5154	0.0023	0.7188
763034	2 Bacteria	976 Bacteroidetes	200643 Bacteroidia	171549 Bacteroidales	815 Bacteroidaceae	816 Bacteroides	626930 Bacteroides fluxus	763034 Bacteroides fluxus YIT 12057	0.051	0.016	0.001	0.033	0.039	0.010	0.013	0.008	0.009	3.00E-04	0.1061	0.8978	0.0028	0.121	0.3967	0.2177	0.8453	0.41
1235814	2 Bacteria	976 Bacteroidetes	200643 Bacteroidia	171549 Bacteroidales	815 Bacteroidaceae	816 Bacteroides	85831 Bacteroides acidifaciens	1235814 Bacteroides acidifaciens JCM 10556	0.049	0.033	-0.002	0.009	0.025	0.015	0.008	0.019	0.019	1.00E-04	6.00E-04	0.9902	0.4525	0.5886	0.1175	0.5719	0.4565	0.0442
511680	2 Bacteria	1239 Firmicutes	186801 Clostridia	186802 Clostridiales	186803 Lachnospiraceae	830 Butyrivibrio	45851 Butyrivibrio crossotus	511680 Butyrivibrio crossotus DSM 2876	0.048	0.011	0.006	0.008	0.014	0.010	0.008	0.025	0.007	1.00E-04	0.3823	0.8462	0.6673	0.9838	0.4413	0.6796	0.1671	0.7784
469606	2 Bacteria	32066 Fusobacteria	203490 Fusobacteriia	203491 Fusobacteriales	203492 Fusobacteriaceae	848 Fusobacterium	851 Fusobacterium nucleatum subsp. vincentii [C]	469606 Fusobacterium nucleatum subsp. vincentii 4_1_13	0.046	0.030	0.008	0.011	0.040	0.012	0.008	0.030	0.008	6.00E-04	0.0106	0.7436	0.5047	0.2939	0.4194	0.7337	0.1471	0.7352
1069533	2 Bacteria	1239 Firmicutes	91061 Bacilli	186826 Lactobacillales	1300 Streptococcaceae	1301 Streptococcus	1301 Streptococcus sp. [C equinus/infantarius/lutetiensis]	1069533 Streptococcus infantarius subsp. infantarius CJ18	0.046	0.020	0.011	0.010	0.029	0.000	0.005	0.021	0.006	0.0081	0.1296	0.4134	0.4401	0.5593	0.9461	0.7494	0.4767	0.7076
1122931	2 Bacteria	976 Bacteroidetes	200643 Bacteroidia	171549 Bacteroidales	171551 Porphyromonadaceae	375288 Parabacteroides	574930 Parabacteroides gordonii	1122931 Parabacteroides gordonii DSM 23371	0.045	0.030	-0.004	0.017	0.013	0.017	0.007	0.017	0.016	7.00E-04	0.0181	0.955	0.1943	0.8718	0.1895	0.6228	0.5814	0.1974
518636	2 Bacteria	1239 Firmicutes	186801 Clostridia	186802 Clostridiales	186803 Lachnospiraceae	1506553 Lachnoclostridium	333367 [Clostridium] asparagiforme	518636 [Clostridium] asparagiforme DSM 15981	0.045	0.009	0.017	0.010	0.033	0.012	-0.006	0.031	0.006	2.00E-04	0.5254	0.068	0.4319	0.2688	0.2653	0.9999	0.0502	0.7501
469596	2 Bacteria	1239 Firmicutes	526524 Erysipelotrichia	526525 Erysipelotrichales	128827 Erysipelotrichaceae	100883 Coprobacillus	100883 Coprobacillus sp. [C 29_1/D6]	469596 Coprobacillus cateniformis	0.045	0.011	0.010	0.012	0.029	0.013	0.011	0.015	0.011	1.00E-04	0.2184	0.4041	0.1936	0.3924	0.1248	0.2873	0.7911	0.2218
1519439	2 Bacteria	1239 Firmicutes	186801 Clostridia	186802 Clostridiales	216572 Oscillospiraceae	459786 Oscillibacter	1519439 Oscillibacter sp. ER4	1519439 Oscillibacter sp. ER4	0.044	0.005	0.010	0.004	0.024	0.007	0.009	0.020	0.011	1.00E-04	0.8242	0.2395	0.8987	0.4811	0.5797	0.3791	0.2414	0.1773
1161413	2 Bacteria	1239 Firmicutes	91061 Bacilli	186826 Lactobacillales	1300 Streptococcaceae	1301 Streptococcus	1328 Streptococcus anginosus [C]	1161413 Streptococcus sp. ACC21	0.044	0.014	0.021	0.025	0.037	0.030	0.006	0.034	0.016	1.00E-04	0.0828	0.0167	0.0053	0.0437	0.002	0.5728	0.0123	0.053
411479	2 Bacteria	976 Bacteroidetes	200643 Bacteroidia	171549 Bacteroidales	815 Bacteroidaceae	816 Bacteroides	816 Bacteroides sp. [C rodentium/uniformis]	411479 Bacteroides uniformis ATCC 8492	0.044	0.005	0.004	0.004	0.023	0.008	0.008	0.011	0.008	1.00E-04	0.8549	0.9629	0.9578	0.4164	0.3447	0.4106	0.8379	0.4123
1121101	2 Bacteria	976 Bacteroidetes	200643 Bacteroidia	171549 Bacteroidales	815 Bacteroidaceae	816 Bacteroides	291644 Bacteroides salyersiae	1121101 Bacteroides salyersiae WAL 10018 = DSM 18765 = JCM 12988	0.042	0.011	-0.002	0.003	0.054	0.015	0.027	0.032	0.017	5.00E-04	0.3045	0.9282	0.7605	0.0133	0.1579	0.0081	0.0593	0.0829
521095	2 Bacteria	201174 Actinobacteria	84998 Coriobacteriia	84999 Coriobacteriales	1643824 Atopobiaceae	1380 Atopobium	1382 Atopobium parvulum	521095 Atopobium parvulum DSM 20469	0.042	0.012	0.024	0.020	0.052	0.011	0.011	0.025	0.012	1.00E-04	0.2527	0.0105	0.0281	0.0093	0.3442	0.3324	0.1207	0.2514
596315	2 Bacteria	1239 Firmicutes	186801 Clostridia	186802 Clostridiales	186804 Peptostreptococcaceae	1257 Peptostreptococcus	341694 Peptostreptococcus stomatis	596315 Peptostreptococcus stomatis DSM 17678	0.041	0.017	0.009	0.016	0.096	0.020	0.036	0.035	0.001	0.0593	0.3841	0.7508	0.4303	0.0445	0.2878	0.0894	0.4131	0.9755
626369	2 Bacteria	1239 Firmicutes	91061 Bacilli	186826 Lactobacillales	186828 Carnobacteriaceae	117563 Granulicatella	137732 Granulicatella elegans	626369 Granulicatella elegans ATCC 700633	0.041	0.026	0.009	0.011	0.042	0.016	0.012	0.024	0.014	5.00E-04	0.013	0.735	0.5352	0.2425	0.1734	0.4386	0.4886	0.3034
1227276	2 Bacteria	976 Bacteroidetes	200643 Bacteroidia	171549 Bacteroidales	171552 Prevotellaceae	838 Prevotella	1227276 Prevotella sp. F0091	1227276 Prevotella sp. F0091	0.040	0.019	0.009	0.008	0.040	0.009	0.015	0.025	0.017	1.00E-04	0.0158	0.6722	0.7603	0.0866	0.7469	0.0762	0.1936	0.0383
518637	2 Bacteria	1239 Firmicutes	526524 Erysipelotrichia	526525 Erysipelotrichales	128827 Erysipelotrichaceae	1573535 Holdemanella	1735 Holdemanella biformis	518637 Holdemanella biformis DSM 3989	0.039	-0.032	0.010	0.004	0.037	0.002	0.008	0.060	0.032	0.0164	0.9966	0.4224	0.7482	0.3321	0.8064	0.5137	0.0254	0.0663
585501	2 Bacteria	1239 Firmicutes	186801 Clostridia	186802 Clostridiales	186803 Lachnospiraceae	265975 Oribacterium	237576 Oribacterium sinus	585501 Oribacterium sinus F0268	0.037	0.018	0.013	0.015	0.033	0.016	0.013	0.022	0.014	1.00E-04	0.0494	0.3674	0.2296	0.7264	0.1497	0.4062	0.7333	0.2703
226186	2 Bacteria	976 Bacteroidetes	200643 Bacteroidia	171549 Bacteroidales	815 Bacteroidaceae	816 Bacteroides	818 Bacteroides thetaiotaomicron [C]	226186 Bacteroides thetaiotaomicron VPI-5482	0.034	0.010	0.013	0.006	0.023	0.008	0.020	0.020	0.006	6.00E-04	0.2805	0.106	0.6881	0.586	0.4679	0.0173	0.2751	0.764
483218	2 Bacteria	1239 Firmicutes	186801 Clostridia	186802 Clostridiales	NA Clostridiales fam. incertae sedis	NA Clostridiales gen. incertae sedis	384638 [Bacteroides] pectinophilus	483218 [Bacteroides] pectinophilus ATCC 43243	0.034	0.013	0.007	0.012	0.025	0.008	0.009	0.015	0.007	1.00E-04	0.0703	0.8478	0.1049	0.6849	0.6706	0.5094	0.7839	0.8205
547042	2 Bacteria	976 Bacteroidetes	200643 Bacteroidia	171549 Bacteroidales	815 Bacteroidaceae	816 Bacteroides	387090 Bacteroides coprophilus	547042 Bacteroides coprophilus DSM 18228 = JCM 13818	0.034	0.017	0.002	0.009	0.014	0.021	0.017	0.008	0.001	0.0059	0.1423	0.8482	0.4756	0.8547	0.0562	0.1469	0.8466	0.862
515620	2 Bacteria	1239 Firmicutes	186801 Clostridia	186802 Clostridiales	186806 Eubacteriaceae	1730 Eubacterium	39485 [Eubacterium] eligens	515620 [Eubacterium] eligens ATCC 27750	0.034	0.013	0.015	0.008	0.018	0.005	0.015	0.023	0.005	0.0019	0.1392	0.0967	0.4582	0.8413	0.8244	0.1041	0.1852	0.7831
1519438	2 Bacteria	1239 Firmicutes	186801 Clostridia	186802 Clostridiales	186806 Eubacteriaceae	1730 Eubacterium	1519438 Eubacterium sp. ER2	1519438 Eubacterium sp. ER2	0.034	0.009	0.002	0.008	0.030	0.009	0.014	0.019	0.016	0.0013	0.6023	0.9837	0.6611	0.4985	0.5439	0.1449	0.5748	0.0801
365659	2 Bacteria	1239 Firmicutes	91061 Bacilli	186826 Lactobacillales	1300 Streptococcaceae	1301 Streptococcus	28037 Streptococcus mitis	365659 Streptococcus mitis B6	0.033	0.015	0.011	0.011	0.029	0.009	0.007	0.022	0.011	1.00E-04	0.003	0.0764	0.086	0.0548	0.2237	0.5086	0.0103	0.0605
411470	2 Bacteria	1239 Firmicutes	186801 Clostridia	186802 Clostridiales	186803 Lachnospiraceae	572511 Blautia	33038 [Ruminococcus] gnavus	411470 [Ruminococcus] gnavus ATCC 29149	0.033	0.007	0.039	0.009	0.032	0.019	0.009	0.022	0.021	0.0019	0.5477	8.00E-04	0.4037	0.1769	0.0318	0.3583	0.1985	0.0194
1033732	2 Bacteria	976 Bacteroidetes	200643 Bacteroidia	171549 Bacteroidales	171550 Rikenellaceae	239759 Alistipes	1288121 Alistipes senegalensis	1033732 Alistipes senegalensis JC50	0.033	0.021	0.009	0.011	0.039	0.002	0.008	0.022	0.005	0.0025	0.0376	0.5388	0.3858	0.1405	0.965	0.6096	0.3253	0.7967
1268240	2 Bacteria	976 Bacteroidetes	200643 Bacteroidia	171549 Bacteroidales	815 Bacteroidaceae	816 Bacteroides	816 Bacteroides sp. [C cellulosilyticus/timonensis]	1268240 Bacteroides cellulosilyticus WH2	0.033	0.014	0.001	0.010	0.006	0.012	-0.001	0.016	0.009	0.006	0.1806	0.9386	0.402	0.9828	0.286	0.9679	0.5516	0.4385
768726	2 Bacteria	1239 Firmicutes	91061 Bacilli	186826 Lactobacillales	1300 Streptococcaceae	1301 Streptococcus	28037 Streptococcus mitis	768726 Streptococcus mitis bv. 2 str. F0392	0.032	0.016	0.015	0.006	0.036	0.016	0.012	0.027	0.002	1.00E-04	0.0139	0.0363	0.7904	0.0297	0.0154	0.1352	0.0083	0.9736
1216362	2 Bacteria	32066 Fusobacteria	203490 Fusobacteriia	203491 Fusobacteriales	203492 Fusobacteriaceae	848 Fusobacterium	1583098 Fusobacterium hwasookii	1216362 Fusobacterium hwasookii ChDC F128	0.032	0.022	0.028	0.011	0.049	0.006	0.015	0.027	0.010	0.0198	0.2029	0.0646	0.7907	0.4998	0.9375	0.5295	0.7449	0.8099
653386	2 Bacteria	201174 Actinobacteria	1760 Actinobacteria	2037 Actinomycetales	2049 Actinomycetaceae	1654 Actinomyces	544581 Actinomyces johnsonii [C]	653386 Actinomyces sp. oral taxon 849 str. F0330	0.032	0.015	0.030	0.027	0.081	0.006	0.015	0.034	0.013	0.0022	0.4228	0.0075	0.0183	1.00E-04	0.9288	0.4531	0.2066	0.5565
1408437	2 Bacteria	1239 Firmicutes	186801 Clostridia	186802 Clostridiales	186806 Eubacteriaceae	1730 Eubacterium	39484 Eubacterium desmolans	1408437 Agathobaculum desmolans ATCC 43058	0.031	0.010	0.009	0.009	0.028	0.010	0.004	0.022	0.013	0.0014	0.5171	0.5876	0.5619	0.6092	0.4978	0.9326	0.3661	0.2314
1095737	2 Bacteria	1239 Firmicutes	91061 Bacilli	186826 Lactobacillales	1300 Streptococcaceae	1301 Streptococcus	28037 Streptococcus mitis	1095737 Streptococcus mitis SK579	0.031	0.015	0.008	0.010	0.025	0.007	0.008	0.023	0.011	1.00E-04	0.0056	0.4322	0.1514	0.2996	0.537	0.4031	0.0137	0.0913
861452	2 Bacteria	32066 Fusobacteria	203490 Fusobacteriia	203491 Fusobacteriales	203492 Fusobacteriaceae	848 Fusobacterium	712288 Fusobacterium sp. oral taxon 370	861452 Fusobacterium sp. oral taxon 370 str. F0437	0.031	0.019	0.020	0.012	0.045	0.013	0.021	0.031	0.016	0.0118	0.2206	0.1492	0.6287	0.4135	0.6077	0.132	0.3522	0.3561
445970	2 Bacteria	976 Bacteroidetes	200643 Bacteroidia	171549 Bacteroidales	171550 Rikenellaceae	239759 Alistipes	28117 Alistipes putredinis	445970 Alistipes putredinis DSM 17216	0.030	0.023	0.007	0.006	0.025	0.010	0.012	0.018	0.012	0.0016	0.0062	0.5128	0.6668	0.3662	0.2375	0.1606	0.2882	0.157
1077285	2 Bacteria	976 Bacteroidetes	200643 Bacteroidia	171549 Bacteroidales	815 Bacteroidaceae	816 Bacteroides	674529 Bacteroides faecis	1077285 Bacteroides faecis MAJ27	0.030	0.013	0.005	0.011	0.030	0.005	0.013	0.013	0.013	0.0153	0.2368	0.739	0.3427	0.4097	0.7701	0.229	0.7129	0.2105
469609	2 Bacteria	1239 Firmicutes	91061 Bacilli	186826 Lactobacillales	1300 Streptococcaceae	1301 Streptococcus	469609 Streptococcus sp. 2_1_36FAA	469609 Streptococcus sp. 2_1_36FAA	0.029	0.017	0.016	0.009	0.043	0.007	0.012	0.016	0.007	1.00E-04	0.0019	0.004	0.1981	1.00E-04	0.3892	0.0394	0.2393	0.3983
349741	2 Bacteria	74201 Verrucomicrobia	203494 Verrucomicrobiae	48461 Verrucomicrobiales	1647988 Akkermansiaceae	239934 Akkermansia	239935 Akkermansia muciniphila	349741 Akkermansia muciniphila ATCC BAA-835	0.029	0.003	0.027	0.011	0.047	0.005	0.012	0.037	0.003	0.031	0.8251	0.0487	0.3063	0.0937	0.6944	0.2924	0.0772	0.7747
546268	2 Bacteria	1224 Proteobacteria	28216 Betaproteobacteria	206351 Neisseriales	481 Neisseriaceae	482 Neisseria	28449 Neisseria subflava	546268 Neisseria subflava NJ9703	0.029	0.017	0.010	0.025	0.065	0.006	0.007	0.019	0.020	7.00E-04	0.0358	0.3934	0.0031	1.00E-04	0.8524	0.7106	0.4577	0.0119
1236516	2 Bacteria	976 Bacteroidetes	200643 Bacteroidia	171549 Bacteroidales	171552 Prevotellaceae	838 Prevotella	633701 Prevotella saccharolytica	1236516 Prevotella saccharolytica JCM 17484	0.029	0.015	0.016	0.016	0.035	0.010	0.010	0.047	0.017	0.0057	0.4233	0.3183	0.3216	0.7188	0.7586	0.7386	0.0124	0.2884
210007	2 Bacteria	1239 Firmicutes	91061 Bacilli	186826 Lactobacillales	1300 Streptococcaceae	1301 Streptococcus	1309 Streptococcus mutans	210007 Streptococcus mutans UA159	0.029	0.032	0.021	0.019	0.035	0.016	0.023	0.050	0.015	0.0603	0.0307	0.2859	0.3588	0.4288	0.5425	0.1733	0.0438	0.5955
706439	2 Bacteria	201174 Actinobacteria	1760 Actinobacteria	2037 Actinomycetales	2049 Actinomycetaceae	1654 Actinomyces	706438 Actinomyces sp. oral taxon 171	706439 Actinomyces sp. oral taxon 171 str. F0337	0.028	0.015	0.012	0.010	0.034	0.020	0.013	0.026	0.017	2.00E-04	0.0637	0.1911	0.3232	0.1239	0.0068	0.1379	0.0394	0.0238
545696	2 Bacteria	1239 Firmicutes	526524 Erysipelotrichia	526525 Erysipelotrichales	128827 Erysipelotrichaceae	61170 Holdemania	61171 Holdemania filiformis	545696 Holdemania filiformis DSM 12042	0.028	0.013	0.015	0.005	0.025	0.010	0.003	0.015	0.003	2.00E-04	0.1087	0.0553	0.9458	0.7443	0.4362	0.9802	0.8057	0.9805
1244083	2 Bacteria	1224 Proteobacteria	29547 Epsilonproteobacteria	213849 Campylobacterales	72294 Campylobacteraceae	194 Campylobacter	204 Campylobacter showae	1244083 Campylobacter showae CSUNSWCD	0.028	0.026	0.017	0.020	0.044	0.011	0.016	0.022	0.019	0.0312	0.0347	0.3429	0.2156	0.5507	0.7984	0.4624	0.8651	0.2754
1123263	2 Bacteria	1239 Firmicutes	526524 Erysipelotrichia	526525 Erysipelotrichales	128827 Erysipelotrichaceae	123375 Solobacterium	102148 Solobacterium moorei	1123263 Solobacterium moorei DSM 22971	0.028	0.018	0.008	0.012	0.027	0.007	0.003	0.015	0.003	0.0044	0.0312	0.2487	0.1129	0.1354	0.3234	0.6654	0.2853	0.6409
562982	2 Bacteria	1239 Firmicutes	91061 Bacilli	1385 Bacillales	539738 Bacillales Family XI. Incertae Sedis	1378 Gemella	29391 Gemella morbillorum	562982 Gemella morbillorum M424	0.027	0.011	0.016	0.020	0.031	0.014	0.008	0.022	0.014	0.0017	0.4924	0.1268	0.0312	0.6418	0.2456	0.7522	0.5088	0.2773
1160721	2 Bacteria	1239 Firmicutes	186801 Clostridia	186802 Clostridiales	541000 Ruminococcaceae	1263 Ruminococcus	1160721 Ruminococcus bicirculans	1160721 Ruminococcus bicirculans	0.026	0.011	0.006	0.012	0.024	0.015	0.002	0.015	0.012	0.0027	0.366	0.8576	0.3134	0.7951	0.1013	0.9768	0.7011	0.2875
411471	2 Bacteria	1239 Firmicutes	186801 Clostridia	186802 Clostridiales	541000 Ruminococcaceae	292632 Subdoligranulum	214851 Subdoligranulum variabile	411471 Subdoligranulum variabile DSM 15176	0.026	0.019	0.010	0.005	0.026	0.011	0.008	0.019	0.012	2.00E-04	0.002	0.3882	0.9225	0.6105	0.2847	0.6046	0.4208	0.1707
1297534	2 Bacteria	1239 Firmicutes	91061 Bacilli	186826 Lactobacillales	1300 Streptococcaceae	1301 Streptococcus	1303 Streptococcus oralis	1297534 Streptococcus oralis subsp. dentisani 7746	0.026	0.013	0.014	0.009	0.037	0.014	0.001	0.020	0.006	1.00E-04	0.1373	0.0892	0.4136	0.0464	0.0856	0.9845	0.2541	0.7803
742738	2 Bacteria	1239 Firmicutes	186801 Clostridia	186802 Clostridiales	NA Clostridiales fam. incertae sedis	946234 Flavonifractor	292800 Flavonifractor plautii [C]	742738 Flavonifractor plautii 1_3_50AFAA	0.026	0.009	0.010	0.012	0.023	0.010	0.005	0.015	0.008	0.0066	0.5582	0.4904	0.272	0.8166	0.4551	0.8677	0.7535	0.6988
1035188	2 Bacteria	1224 Proteobacteria	1236 Gammaproteobacteria	135625 Pasteurellales	712 Pasteurellaceae	724 Haemophilus	249188 Haemophilus pittmaniae	1035188 Haemophilus pittmaniae HK 85	0.026	0.015	0.018	0.010	0.046	0.022	0.013	0.019	0.013	1.00E-04	0.0187	0.0028	0.2974	3.00E-04	3.00E-04	0.0815	0.3738	0.0844
1122986	2 Bacteria	976 Bacteroidetes	200643 Bacteroidia	171549 Bacteroidales	171552 Prevotellaceae	838 Prevotella	439703 Prevotella maculosa	1122986 Prevotella maculosa DSM 19339 = JCM 15638	0.025	0.015	0.013	0.014	0.049	0.012	0.010	0.034	0.011	0.0011	0.1158	0.2501	0.1718	0.0044	0.5002	0.688	0.0091	0.5997
1156433	2 Bacteria	1239 Firmicutes	91061 Bacilli	186826 Lactobacillales	1300 Streptococcaceae	1301 Streptococcus	1301 Streptococcus sp. [C I-G2/I-P16]	1156433 Streptococcus sp. I-P16	0.025	0.008	0.014	0.016	0.042	0.010	0.009	0.022	0.009	1.00E-04	0.2577	0.005	9.00E-04	2.00E-04	0.1018	0.1273	0.0046	0.1187
1035839	2 Bacteria	1224 Proteobacteria	1236 Gammaproteobacteria	135625 Pasteurellales	712 Pasteurellaceae	724 Haemophilus	1078480 Haemophilus sputorum	1035839 Haemophilus sputorum CCUG 13788	0.024	0.016	0.018	0.013	0.039	0.013	0.017	0.025	0.019	1.00E-04	0.0355	0.0102	0.1757	0.0384	0.136	0.0118	0.0587	0.0033
411473	2 Bacteria	1239 Firmicutes	186801 Clostridia	186802 Clostridiales	541000 Ruminococcaceae	1263 Ruminococcus	40519 Ruminococcus callidus	411473 Ruminococcus callidus ATCC 27760	0.024	0.036	0.001	0.018	-0.006	0.008	0.008	0.001	0.032	0.094	0.0209	0.8404	0.1765	0.9604	0.6039	0.5929	0.9032	0.0346
483215	2 Bacteria	976 Bacteroidetes	200643 Bacteroidia	171549 Bacteroidales	815 Bacteroidaceae	816 Bacteroides	338188 Bacteroides finegoldii	483215 Bacteroides finegoldii DSM 17565	0.023	0.035	0.003	0.012	0.013	0.011	0.018	-0.003	-0.013	0.0764	0.0169	0.7491	0.3328	0.7749	0.3507	0.1649	0.9679	0.9871
546274	2 Bacteria	1224 Proteobacteria	28216 Betaproteobacteria	206351 Neisseriales	481 Neisseriaceae	538 Eikenella	539 Eikenella corrodens	546274 Eikenella corrodens ATCC 23834	0.023	0.016	0.009	0.017	0.049	0.021	0.017	0.020	0.022	0.1026	0.4508	0.886	0.3976	0.3806	0.1772	0.3953	0.9197	0.1523
471875	2 Bacteria	1239 Firmicutes	186801 Clostridia	186802 Clostridiales	541000 Ruminococcaceae	1263 Ruminococcus	46228 Ruminococcus lactaris	471875 Ruminococcus lactaris ATCC 29176	0.023	0.016	0.004	0.010	0.040	0.013	0.006	0.012	0.016	0.0043	0.0402	0.9372	0.4687	0.0396	0.1494	0.8056	0.9221	0.0282
537007	2 Bacteria	1239 Firmicutes	186801 Clostridia	186802 Clostridiales	186803 Lachnospiraceae	572511 Blautia	1322 Blautia hansenii [C]	537007 Blautia hansenii DSM 20583	0.023	0.009	0.012	0.009	0.026	0.014	0.011	0.022	0.014	0.0011	0.603	0.1968	0.6784	0.786	0.0798	0.3319	0.2735	0.0793
411489	2 Bacteria	1239 Firmicutes	186801 Clostridia	186802 Clostridiales	31979 Clostridiaceae	1485 Clostridium	411489 Clostridium sp. L2-50	411489 Clostridium sp. L2-50	0.022	0.011	0.018	0.017	0.019	0.022	0.017	0.026	0.015	0.0362	0.3631	0.0913	0.1016	0.7229	0.0332	0.1034	0.1575	0.18
411901	2 Bacteria	976 Bacteroidetes	200643 Bacteroidia	171549 Bacteroidales	815 Bacteroidaceae	816 Bacteroides	47678 Bacteroides caccae	411901 Bacteroides caccae ATCC 43185	0.022	0.018	0.020	0.007	0.039	0.017	0.010	0.018	0.010	0.0081	0.027	0.0116	0.582	0.0385	0.0376	0.3011	0.3016	0.2525
585204	2 Bacteria	1239 Firmicutes	91061 Bacilli	186826 Lactobacillales	1300 Streptococcaceae	1301 Streptococcus	28037 Streptococcus mitis	585204 Streptococcus mitis SK597	0.022	0.009	0.007	0.012	0.028	0.011	0.012	0.020	0.009	1.00E-04	0.1918	0.5646	0.0218	0.0764	0.082	0.0331	0.0264	0.2378
28037	2 Bacteria	1239 Firmicutes	91061 Bacilli	186826 Lactobacillales	1300 Streptococcaceae	1301 Streptococcus	28037 Streptococcus mitis	28037 Streptococcus mitis	0.022	0.014	0.007	0.011	0.025	0.006	0.012	0.017	0.009	2.00E-04	0.0299	0.5227	0.1621	0.3006	0.6928	0.094	0.2648	0.2997
1203590	2 Bacteria	1239 Firmicutes	91061 Bacilli	186826 Lactobacillales	1300 Streptococcaceae	1301 Streptococcus	1203590 Streptococcus sp. HPH0090	1203590 Streptococcus sp. HPH0090	0.022	0.013	0.017	0.014	0.039	0.010	0.009	0.014	0.003	5.00E-04	0.024	0.0039	0.02	7.00E-04	0.1316	0.1945	0.3831	0.8621
679199	2 Bacteria	976 Bacteroidetes	200643 Bacteroidia	171549 Bacteroidales	171552 Prevotellaceae	1283313 Alloprevotella	671218 Alloprevotella rava	679199 Alloprevotella rava F0323	0.022	0.019	0.014	0.015	0.029	0.014	0.006	0.030	0.019	0.0154	0.0414	0.2881	0.2479	0.8209	0.337	0.9464	0.133	0.0514
562981	2 Bacteria	1239 Firmicutes	91061 Bacilli	1385 Bacillales	539738 Bacillales Family XI. Incertae Sedis	1378 Gemella	1379 Gemella haemolysans	562981 Gemella haemolysans M341	0.022	0.016	0.015	0.008	0.038	0.016	0.014	0.025	0.013	0.0231	0.1166	0.119	0.6684	0.1687	0.1049	0.1629	0.1873	0.2012
762963	2 Bacteria	201174 Actinobacteria	1760 Actinobacteria	2037 Actinomycetales	2049 Actinomycetaceae	1654 Actinomyces	712117 Actinomyces sp. oral taxon 170	762963 Actinomyces sp. oral taxon 170 str. F0386	0.022	0.024	0.026	0.018	0.059	0.021	0.017	0.035	0.009	0.0509	0.0361	0.0184	0.2061	0.0335	0.0749	0.2172	0.1291	0.8105
622312	2 Bacteria	1239 Firmicutes	186801 Clostridia	186802 Clostridiales	186803 Lachnospiraceae	841 Roseburia	360807 Roseburia inulinivorans	622312 Roseburia inulinivorans DSM 16841	0.021	0.011	0.008	0.009	0.027	0.010	0.005	0.018	0.007	1.00E-04	0.1643	0.6123	0.4069	0.3964	0.2732	0.8927	0.4078	0.7809
634176	2 Bacteria	1224 Proteobacteria	1236 Gammaproteobacteria	135625 Pasteurellales	712 Pasteurellaceae	416916 Aggregatibacter	732 Aggregatibacter aphrophilus	634176 Aggregatibacter aphrophilus NJ8700	0.021	0.023	0.012	0.020	0.033	0.015	0.013	0.035	0.022	0.0773	0.0364	0.5902	0.1152	0.7588	0.329	0.5051	0.1039	0.0612
1095743	2 Bacteria	1224 Proteobacteria	1236 Gammaproteobacteria	135625 Pasteurellales	712 Pasteurellaceae	724 Haemophilus	736 Haemophilus paraphrohaemolyticus	1095743 Haemophilus paraphrohaemolyticus HK411	0.020	0.026	0.019	0.012	0.055	0.024	0.024	0.038	0.028	0.1655	0.041	0.2385	0.6849	0.1532	0.0731	0.0668	0.1312	0.0146
71421	2 Bacteria	1224 Proteobacteria	1236 Gammaproteobacteria	135625 Pasteurellales	712 Pasteurellaceae	724 Haemophilus	724 Haemophilus sp. [C aegypticus/influenzae]	71421 Haemophilus influenzae Rd KW20	0.020	0.014	0.019	0.013	0.039	0.008	0.015	0.030	0.021	0.0913	0.4245	0.1461	0.4722	0.5314	0.8354	0.3498	0.2771	0.0706
706434	2 Bacteria	1239 Firmicutes	909932 Negativicutes	1843489 Veillonellales	31977 Veillonellaceae	906 Megasphaera	187326 Megasphaera micronuciformis	706434 Megasphaera micronuciformis F0359	0.020	0.015	0.023	0.010	0.044	0.011	0.010	0.025	0.009	0.0018	0.0236	2.00E-04	0.3719	8.00E-04	0.2546	0.3524	0.0252	0.5572
1203606	2 Bacteria	1239 Firmicutes	186801 Clostridia	186802 Clostridiales	31979 Clostridiaceae	580596 Butyricicoccus	501571 Butyricicoccus pullicaecorum	1203606 Butyricicoccus pullicaecorum 1.2	0.020	0.008	0.012	0.012	0.028	0.011	0.009	0.024	0.014	0.0232	0.7525	0.2716	0.2478	0.652	0.3705	0.6491	0.2571	0.1302
411903	2 Bacteria	201174 Actinobacteria	84998 Coriobacteriia	84999 Coriobacteriales	84107 Coriobacteriaceae	102106 Collinsella	74426 Collinsella aerofaciens [C]	411903 Collinsella aerofaciens ATCC 25986	0.019	0.012	0.008	0.009	0.015	0.012	0.008	0.018	0.010	2.00E-04	0.1225	0.6055	0.3931	0.9902	0.0938	0.5411	0.4391	0.3166
592028	2 Bacteria	1239 Firmicutes	909932 Negativicutes	1843489 Veillonellales	31977 Veillonellaceae	39948 Dialister	218538 Dialister invisus	592028 Dialister invisus DSM 15470	0.019	0.006	0.005	0.008	0.029	0.008	0.010	0.010	0.014	5.00E-04	0.7316	0.7851	0.3533	0.0529	0.3209	0.1647	0.9227	0.011
1211813	2 Bacteria	976 Bacteroidetes	200643 Bacteroidia	171549 Bacteroidales	171550 Rikenellaceae	239759 Alistipes	1470347 candidatus Alistipes marseilloanorexicus	1211813 Alistipes ihumii AP11	0.019	0.033	0.004	0.015	0.043	0.014	0.009	0.018	0.010	0.1575	0.0311	0.883	0.2542	0.2598	0.2836	0.5568	0.6729	0.4794
619693	2 Bacteria	976 Bacteroidetes	200643 Bacteroidia	171549 Bacteroidales	171552 Prevotellaceae	838 Prevotella	840 Prevotella loescheii [C]	619693 Prevotella sp. oral taxon 472 str. F0295	0.019	0.019	0.014	0.023	0.024	0.003	0.014	0.018	0.014	0.1051	0.1047	0.4098	0.0189	0.9658	0.9801	0.4084	0.8927	0.4223
592010	2 Bacteria	1239 Firmicutes	91061 Bacilli	186826 Lactobacillales	186827 Aerococcaceae	46123 Abiotrophia	46125 Abiotrophia defectiva	592010 Abiotrophia defectiva ATCC 49176	0.019	0.020	0.011	0.013	0.048	0.015	0.015	0.046	0.007	0.1892	0.1618	0.7146	0.5285	0.2569	0.3603	0.4145	0.0239	0.926
411467	2 Bacteria	1239 Firmicutes	186801 Clostridia	186802 Clostridiales	NA Clostridiales fam. incertae sedis	1017280 Pseudoflavonifractor	106588 Pseudoflavonifractor capillosus	411467 Pseudoflavonifractor capillosus ATCC 29799	0.019	0.013	0.004	0.009	0.021	0.011	0.010	0.020	0.010	0.0047	0.1185	0.9844	0.597	0.9385	0.2861	0.4553	0.4165	0.419
546262	2 Bacteria	1224 Proteobacteria	28216 Betaproteobacteria	206351 Neisseriales	481 Neisseriaceae	482 Neisseria	483 Neisseria cinerea	546262 Neisseria cinerea ATCC 14685	0.019	0.025	0.019	0.014	0.063	0.010	0.016	0.023	0.013	0.1139	0.013	0.1664	0.5358	0.0058	0.9153	0.3532	0.8985	0.6348
665956	2 Bacteria	1239 Firmicutes	186801 Clostridia	186802 Clostridiales	541000 Ruminococcaceae	292632 Subdoligranulum	665956 Subdoligranulum sp. 4_3_54A2FAA	665956 Subdoligranulum sp. 4_3_54A2FAA	0.018	0.006	0.010	0.003	0.021	0.014	0.005	0.026	0.008	0.016	0.8134	0.3865	0.9237	0.7726	0.1027	0.8797	0.14	0.6433
411459	2 Bacteria	1239 Firmicutes	186801 Clostridia	186802 Clostridiales	186803 Lachnospiraceae	572511 Blautia	40520 Blautia obeum	411459 Blautia obeum ATCC 29174	0.018	0.013	0.007	0.010	0.027	0.007	0.011	0.018	0.008	3.00E-04	0.0276	0.8242	0.2759	0.321	0.7304	0.0961	0.3916	0.6585
562973	2 Bacteria	201174 Actinobacteria	1760 Actinobacteria	2037 Actinomycetales	2049 Actinomycetaceae	1654 Actinomyces	1656 Actinomyces viscosus [C]	562973 Actinomyces viscosus C505	0.018	0.009	0.015	0.008	0.039	0.007	0.007	0.018	0.008	2.00E-04	0.0832	0.0011	0.1186	1.00E-04	0.2405	0.2318	0.0239	0.1383
1316408	2 Bacteria	1239 Firmicutes	91061 Bacilli	186826 Lactobacillales	1300 Streptococcaceae	1301 Streptococcus	1316408 Streptococcus sp. HSISM1	1316408 Streptococcus sp. HSISM1	0.018	0.009	0.007	0.010	0.032	0.008	0.009	0.019	0.008	1.00E-04	0.0126	0.0872	0.002	1.00E-04	0.0253	0.0183	9.00E-04	0.0446
688246	2 Bacteria	976 Bacteroidetes	200643 Bacteroidia	171549 Bacteroidales	171552 Prevotellaceae	838 Prevotella	310514 Prevotella multisaccharivorax	688246 Prevotella multisaccharivorax DSM 17128	0.018	0.016	0.010	0.016	0.066	0.011	0.015	0.019	0.022	0.1149	0.2652	0.6671	0.2688	0.0095	0.6585	0.3629	0.8161	0.0526
1121333	2 Bacteria	1239 Firmicutes	526524 Erysipelotrichia	526525 Erysipelotrichales	128827 Erysipelotrichaceae	1505663 Erysipelatoclostridium	341225 [Clostridium] saccharogumia	1121333 [Clostridium] saccharogumia DSM 17460	0.018	0.011	0.009	0.011	0.028	0.008	0.006	0.022	0.011	0.0398	0.381	0.6374	0.4252	0.6773	0.7893	0.9237	0.344	0.4089
1095749	2 Bacteria	1224 Proteobacteria	1236 Gammaproteobacteria	135625 Pasteurellales	712 Pasteurellaceae	745 Pasteurella	752 Pasteurella bettyae	1095749 Pasteurella bettyae CCUG 2042	0.018	0.012	0.025	0.032	0.049	0.017	0.031	0.035	0.012	0.5037	0.8688	0.1457	0.0225	0.726	0.5941	0.033	0.5769	0.8779
428127	2 Bacteria	1239 Firmicutes	526524 Erysipelotrichia	526525 Erysipelotrichales	128827 Erysipelotrichaceae	NA Erysipelotrichaceae gen. incertae sedis	31971 [Eubacterium] dolichum	428127 Absiella dolichum DSM 3991	0.018	0.013	0.011	0.009	0.031	0.010	0.011	0.015	0.010	0.0104	0.1309	0.3144	0.556	0.3557	0.4164	0.2888	0.8785	0.4309
679935	2 Bacteria	976 Bacteroidetes	200643 Bacteroidia	171549 Bacteroidales	171550 Rikenellaceae	239759 Alistipes	214856 Alistipes finegoldii [C]	679935 Alistipes finegoldii DSM 17242	0.018	0.016	0.008	0.008	0.089	0.001	0.007	0.007	0.004	0.1091	0.1369	0.393	0.3994	0.0016	0.9151	0.4814	0.8689	0.7508
546273	2 Bacteria	1239 Firmicutes	909932 Negativicutes	1843489 Veillonellales	31977 Veillonellaceae	29465 Veillonella	39778 Veillonella dispar	546273 Veillonella dispar ATCC 17748	0.017	0.015	0.009	0.011	0.049	0.012	0.008	0.016	0.007	4.00E-04	7.00E-04	0.1027	0.0187	1.00E-04	0.0059	0.1423	0.0862	0.306
1122172	2 Bacteria	32066 Fusobacteria	203490 Fusobacteriia	203491 Fusobacteriales	1129771 Leptotrichiaceae	32067 Leptotrichia	157691 Leptotrichia shahii	1122172 Leptotrichia shahii DSM 19757	0.017	0.026	0.014	0.019	0.059	0.019	0.020	0.046	0.016	0.5415	0.0962	0.7195	0.4145	0.3073	0.3817	0.365	0.1015	0.6134
1242969	2 Bacteria	1224 Proteobacteria	29547 Epsilonproteobacteria	213849 Campylobacterales	72294 Campylobacteraceae	194 Campylobacter	199 Campylobacter concisus	1242969 Campylobacter concisus ATCC 51562	0.017	0.020	0.011	0.013	0.050	0.013	0.013	0.028	0.017	0.1264	0.0287	0.7008	0.5529	0.0474	0.5538	0.4884	0.3321	0.1477
638302	2 Bacteria	1239 Firmicutes	909932 Negativicutes	909929 Selenomonadales	1843491 Selenomonadaceae	970 Selenomonas	135080 Selenomonas flueggei	638302 Selenomonas flueggei ATCC 43531	0.017	0.027	0.026	0.009	0.036	0.009	0.010	0.034	0.015	0.3577	0.0457	0.064	0.8949	0.8805	0.8775	0.8403	0.3457	0.5211
546275	2 Bacteria	32066 Fusobacteria	203490 Fusobacteriia	203491 Fusobacteriales	203492 Fusobacteriaceae	848 Fusobacterium	860 Fusobacterium periodonticum	546275 Fusobacterium periodonticum ATCC 33693	0.017	0.019	0.013	0.012	0.047	0.011	0.009	0.018	0.016	0.1086	0.0472	0.2905	0.4257	0.0635	0.4829	0.7458	0.8	0.1334
1035195	2 Bacteria	201174 Actinobacteria	1760 Actinobacteria	85007 Corynebacteriales	1653 Corynebacteriaceae	1716 Corynebacterium	61592 Corynebacterium durum	1035195 Corynebacterium durum F0235	0.017	0.020	0.011	0.018	0.059	0.008	0.015	0.035	0.010	0.213	0.0745	0.6652	0.1567	0.0143	0.9014	0.3309	0.0654	0.7589
861455	2 Bacteria	1239 Firmicutes	91061 Bacilli	186826 Lactobacillales	1300 Streptococcaceae	1301 Streptococcus	712622 Streptococcus sp. oral taxon 058	861455 Streptococcus sp. oral taxon 058 str. F0407	0.016	0.016	0.014	0.006	0.031	0.010	0.010	0.032	0.010	0.0803	0.0881	0.1932	0.8989	0.5983	0.6305	0.616	0.0265	0.6126
467705	2 Bacteria	1239 Firmicutes	91061 Bacilli	186826 Lactobacillales	1300 Streptococcaceae	1301 Streptococcus	1302 Streptococcus gordonii	467705 Streptococcus gordonii str. Challis substr. CH1	0.016	0.013	0.012	0.011	0.040	0.012	0.010	0.025	0.010	0.0049	0.0284	0.0561	0.0853	7.00E-04	0.0431	0.1408	0.0063	0.1354
1114965	2 Bacteria	1239 Firmicutes	91061 Bacilli	186826 Lactobacillales	1300 Streptococcaceae	1301 Streptococcus	1318 Streptococcus parasanguinis	1114965 Streptococcus parasanguinis FW213	0.016	0.009	0.009	0.012	0.039	0.009	0.010	0.016	0.008	1.00E-04	0.0057	0.0126	8.00E-04	1.00E-04	0.0219	0.0068	0.0117	0.0406
1284680	2 Bacteria	201174 Actinobacteria	1760 Actinobacteria	2037 Actinomycetales	2049 Actinomycetaceae	1654 Actinomyces	1284680 Actinomyces sp. S6-Spd3	1284680 Actinomyces sp. S6-Spd3	0.015	0.008	0.010	0.010	0.035	0.013	0.015	0.022	0.011	0.0227	0.5534	0.3794	0.3508	0.0612	0.0915	0.0254	0.1242	0.2651
411476	2 Bacteria	976 Bacteroidetes	200643 Bacteroidia	171549 Bacteroidales	815 Bacteroidaceae	816 Bacteroides	816 Bacteroides sp. [C fragilis/ovatus]	411476 Bacteroides ovatus ATCC 8483	0.015	0.014	0.007	0.005	0.023	0.017	0.012	0.013	0.007	0.0714	0.1104	0.6688	0.8339	0.6335	0.0386	0.1948	0.8075	0.6388
272559	2 Bacteria	976 Bacteroidetes	200643 Bacteroidia	171549 Bacteroidales	815 Bacteroidaceae	816 Bacteroides	817 Bacteroides fragilis [C]	272559 Bacteroides fragilis NCTC 9343	0.015	0.025	0.010	0.007	0.023	0.019	0.012	0.029	0.006	0.1587	0.0127	0.4474	0.6461	0.6802	0.0639	0.3387	0.0773	0.6844
360104	2 Bacteria	1224 Proteobacteria	29547 Epsilonproteobacteria	213849 Campylobacterales	72294 Campylobacteraceae	194 Campylobacter	199 Campylobacter concisus [C]	360104 Campylobacter concisus 13826	0.015	0.013	0.009	0.012	0.028	0.010	0.009	0.022	0.014	0.0066	0.0883	0.5638	0.1844	0.6002	0.4397	0.6663	0.1579	0.0195
658659	2 Bacteria	1239 Firmicutes	526524 Erysipelotrichia	526525 Erysipelotrichales	128827 Erysipelotrichaceae	NA Erysipelotrichaceae gen. incertae sedis	658659 Erysipelotrichaceae bacterium 3_1_53	658659 Erysipelotrichaceae bacterium 3_1_53	0.015	0.015	0.009	0.012	0.031	0.009	0.009	0.018	0.012	0.0572	0.0391	0.6411	0.276	0.4068	0.6226	0.6711	0.6765	0.2108
476272	2 Bacteria	1239 Firmicutes	186801 Clostridia	186802 Clostridiales	186803 Lachnospiraceae	572511 Blautia	53443 Blautia hydrogenotrophica	476272 Blautia hydrogenotrophica DSM 10507	0.015	0.017	0.010	0.012	0.032	0.008	0.018	0.013	0.007	0.1031	0.0464	0.4191	0.246	0.3634	0.6768	0.0342	0.88	0.7786
553207	2 Bacteria	201174 Actinobacteria	1760 Actinobacteria	85007 Corynebacteriales	1653 Corynebacteriaceae	1716 Corynebacterium	43768 Corynebacterium matruchotii	553207 Corynebacterium matruchotii ATCC 14266	0.015	0.019	0.013	0.017	0.041	0.011	0.011	0.028	0.018	0.4232	0.1109	0.6292	0.2427	0.6837	0.8819	0.8355	0.5683	0.1215
1227272	2 Bacteria	976 Bacteroidetes	200643 Bacteroidia	171549 Bacteroidales	171551 Porphyromonadaceae	836 Porphyromonas	712437 Porphyromonas sp. oral taxon 278	1227272 Porphyromonas sp. oral taxon 278 str. W7784	0.015	0.022	0.010	0.024	0.061	0.002	0.017	0.026	0.017	0.3727	0.0559	0.8195	0.0323	0.0237	0.9976	0.2489	0.6189	0.2416
706436	2 Bacteria	976 Bacteroidetes	117743 Flavobacteriia	200644 Flavobacteriales	49546 Flavobacteriaceae	1016 Capnocytophaga	706435 Capnocytophaga sp. oral taxon 329	706436 Capnocytophaga sp. oral taxon 329 str. F0087	0.015	0.020	0.008	0.011	0.032	0.011	0.014	0.031	0.011	0.1944	0.0112	0.9621	0.8432	0.9542	0.8052	0.3762	0.134	0.7986
479436	2 Bacteria	1239 Firmicutes	909932 Negativicutes	1843489 Veillonellales	31977 Veillonellaceae	29465 Veillonella	29466 Veillonella parvula [C]	479436 Veillonella parvula DSM 2008	0.014	0.011	0.004	0.005	0.026	0.012	0.009	0.014	0.008	1.00E-04	0.0059	0.8191	0.7286	0.0067	0.0016	0.0317	0.1954	0.0902
546263	2 Bacteria	1224 Proteobacteria	28216 Betaproteobacteria	206351 Neisseriales	481 Neisseriaceae	482 Neisseria	495 Neisseria elongata	546263 Neisseria elongata subsp. glycolytica ATCC 29315	0.014	0.023	0.016	0.011	0.051	0.016	0.017	0.032	0.021	0.3396	0.0114	0.1779	0.7054	0.0456	0.1976	0.1588	0.1346	0.0246
717608	2 Bacteria	1239 Firmicutes	186801 Clostridia	186802 Clostridiales	186803 Lachnospiraceae	1506553 Lachnoclostridium	84030 [Clostridium] saccharolyticum [C]	717608 [Clostridium] cf. saccharolyticum K10	0.014	0.015	0.011	0.009	0.026	0.009	0.009	0.017	0.013	0.0651	0.0375	0.29	0.5629	0.6857	0.5967	0.5955	0.6791	0.1191
1282664	2 Bacteria	1239 Firmicutes	91061 Bacilli	186826 Lactobacillales	1300 Streptococcaceae	1301 Streptococcus	1303 Streptococcus oralis	1282664 Streptococcus oralis subsp. tigurinus AZ_3a	0.014	0.011	0.012	0.009	0.045	0.011	0.013	0.020	0.010	0.0331	0.145	0.0987	0.4146	5.00E-04	0.1828	0.0643	0.1466	0.2749
641149	2 Bacteria	1224 Proteobacteria	28216 Betaproteobacteria	206351 Neisseriales	481 Neisseriaceae	482 Neisseria	641148 Neisseria sp. oral taxon 014	641149 Neisseria sp. oral taxon 014 str. F0314	0.014	0.024	0.019	0.017	0.063	0.011	0.018	0.030	0.014	0.3974	0.0022	0.0528	0.1658	4.00E-04	0.7407	0.065	0.2168	0.4081
357276	2 Bacteria	976 Bacteroidetes	200643 Bacteroidia	171549 Bacteroidales	815 Bacteroidaceae	816 Bacteroides	816 Bacteroides sp. [C dorei/vulgatus]	357276 Bacteroides dorei	0.013	0.002	0.005	0.002	0.025	0.004	0.009	0.007	0.029	0.181	0.888	0.5964	0.9015	0.405	0.6657	0.3052	0.9067	0.0261
1235815	2 Bacteria	976 Bacteroidetes	200643 Bacteroidia	171549 Bacteroidales	171552 Prevotellaceae	838 Prevotella	76123 Prevotella enoeca	1235815 Prevotella enoeca JCM 12259	0.013	0.015	0.014	0.013	0.042	0.009	0.008	0.024	0.008	0.3756	0.2069	0.3183	0.3461	0.2172	0.7297	0.8503	0.5145	0.8437
1105029	2 Bacteria	201174 Actinobacteria	1760 Actinobacteria	2037 Actinomycetales	2049 Actinomycetaceae	1654 Actinomyces	1105029 Actinomyces sp. ICM39	1105029 Actinomyces sp. ICM39	0.013	0.011	0.007	0.012	0.051	0.010	0.008	0.025	0.009	0.0044	0.0135	0.2929	0.0055	1.00E-04	0.0287	0.2205	7.00E-04	0.068
246198	2 Bacteria	976 Bacteroidetes	200643 Bacteroidia	171549 Bacteroidales	171552 Prevotellaceae	838 Prevotella	28131 Prevotella intermedia	246198 Prevotella intermedia 17	0.013	0.017	0.009	0.020	0.043	0.012	0.008	0.033	0.007	0.334	0.0677	0.7301	0.0138	0.0972	0.4141	0.8292	0.0346	0.9216
717960	2 Bacteria	1239 Firmicutes	526524 Erysipelotrichia	526525 Erysipelotrichales	128827 Erysipelotrichaceae	1573534 Faecalitalea	39483 Faecalitalea cylindroides	717960 Faecalitalea cylindroides T2-87	0.012	0.013	0.006	0.008	0.032	0.011	0.009	0.014	0.006	0.1871	0.1235	0.8845	0.7203	0.3073	0.2661	0.5251	0.8865	0.9117
575615	2 Bacteria	976 Bacteroidetes	200643 Bacteroidia	171549 Bacteroidales	171552 Prevotellaceae	838 Prevotella	652721 Prevotella sp. oral taxon 317	575615 Prevotella sp. oral taxon 317 str. F0108	0.012	0.030	0.019	0.009	0.047	0.015	0.014	0.027	0.011	0.5436	2.00E-04	0.0571	0.7447	0.0831	0.2294	0.3425	0.2836	0.5893
1035187	2 Bacteria	1239 Firmicutes	91061 Bacilli	186826 Lactobacillales	1300 Streptococcaceae	1301 Streptococcus	28037 Streptococcus mitis	1035187 Streptococcus mitis SK569	0.012	0.011	0.009	0.009	0.035	0.006	0.009	0.019	0.010	0.0489	0.0633	0.3244	0.2617	0.0038	0.7987	0.2391	0.1394	0.162
1121115	2 Bacteria	1239 Firmicutes	186801 Clostridia	186802 Clostridiales	186803 Lachnospiraceae	572511 Blautia	418240 Blautia wexlerae	1121115 Blautia wexlerae DSM 19850	0.012	0.011	0.012	0.008	0.018	0.009	0.011	0.019	0.009	0.0517	0.1019	0.0377	0.4676	0.9712	0.3022	0.0935	0.136	0.345
553184	2 Bacteria	201174 Actinobacteria	84998 Coriobacteriia	84999 Coriobacteriales	1643824 Atopobiaceae	1380 Atopobium	1383 Atopobium rimae	553184 Atopobium rimae ATCC 49626	0.011	0.015	0.013	0.011	0.052	0.015	0.018	0.037	0.014	0.7017	0.4166	0.5359	0.6591	0.0837	0.4007	0.1673	0.0484	0.4305
638301	2 Bacteria	1239 Firmicutes	91061 Bacilli	186826 Lactobacillales	186828 Carnobacteriaceae	117563 Granulicatella	46124 Granulicatella adiacens	638301 Granulicatella adiacens ATCC 49175	0.011	0.021	0.011	0.007	0.032	0.008	0.011	0.018	0.007	0.0327	1.00E-04	0.0237	0.2888	0.0032	0.1721	0.0322	0.078	0.4545
1046629	2 Bacteria	1239 Firmicutes	91061 Bacilli	186826 Lactobacillales	1300 Streptococcaceae	1301 Streptococcus	1304 Streptococcus salivarius [C]	1046629 Streptococcus salivarius 57.I	0.011	0.008	0.005	0.008	0.028	0.008	0.007	0.015	0.006	0.016	0.0826	0.5493	0.0768	0.0015	0.0729	0.1681	0.0695	0.3624
1302863	2 Bacteria	1239 Firmicutes	91061 Bacilli	186826 Lactobacillales	1300 Streptococcaceae	1301 Streptococcus	45634 Streptococcus cristatus	1302863 Streptococcus cristatus AS 1.3089	0.011	0.015	0.010	0.021	0.049	0.006	0.013	0.025	0.012	0.5472	0.2163	0.6455	0.0227	0.0454	0.8835	0.3602	0.3942	0.4023
1005705	2 Bacteria	1239 Firmicutes	91061 Bacilli	186826 Lactobacillales	1300 Streptococcaceae	1301 Streptococcus	68892 Streptococcus infantis	1005705 Streptococcus infantis SK1076	0.011	0.008	0.015	0.010	0.030	0.002	0.005	0.016	0.004	0.1149	0.3929	0.0131	0.171	0.0526	0.9645	0.7684	0.3172	0.8371
562983	2 Bacteria	1239 Firmicutes	91061 Bacilli	1385 Bacillales	539738 Bacillales Family XI. Incertae Sedis	1378 Gemella	84135 Gemella sanguinis	562983 Gemella sanguinis M325	0.010	0.009	0.011	0.008	0.045	0.011	0.012	0.031	0.010	0.1386	0.2439	0.1155	0.3147	5.00E-04	0.0751	0.046	0.0019	0.1832
213810	2 Bacteria	1239 Firmicutes	186801 Clostridia	186802 Clostridiales	541000 Ruminococcaceae	1263 Ruminococcus	1161942 Ruminococcus champanellensis	213810 Ruminococcus champanellensis 18P13 = JCM 17042	0.010	0.016	0.019	0.011	0.042	0.016	0.018	0.032	0.010	0.5761	0.2677	0.1691	0.5494	0.3065	0.2645	0.1986	0.1954	0.5661
546271	2 Bacteria	1239 Firmicutes	909932 Negativicutes	909929 Selenomonadales	1843491 Selenomonadaceae	970 Selenomonas	69823 Selenomonas sputigena [C]	546271 Selenomonas sputigena ATCC 35185	0.010	0.012	0.014	0.017	0.057	0.009	0.011	0.033	0.012	0.8569	0.6135	0.4243	0.1811	0.0224	0.8441	0.7149	0.1239	0.6596
1297617	2 Bacteria	1239 Firmicutes	186801 Clostridia	186802 Clostridiales	NA Clostridiales fam. incertae sedis	1392389 Intestinimonas	1297617 Intestinimonas butyriciproducens	1297617 Intestinimonas butyriciproducens	0.010	0.010	0.002	0.006	0.026	0.002	0.006	0.014	0.008	0.5209	0.5329	0.9653	0.8219	0.7356	0.9495	0.7955	0.8373	0.6678
431947	2 Bacteria	976 Bacteroidetes	200643 Bacteroidia	171549 Bacteroidales	171551 Porphyromonadaceae	836 Porphyromonas	837 Porphyromonas gingivalis	431947 Porphyromonas gingivalis ATCC 33277	0.010	0.021	0.019	0.019	0.042	0.013	0.015	0.029	0.020	0.8706	0.1182	0.2055	0.1864	0.6586	0.7008	0.4728	0.5879	0.1689
546270	2 Bacteria	1239 Firmicutes	91061 Bacilli	1385 Bacillales	539738 Bacillales Family XI. Incertae Sedis	1378 Gemella	1379 Gemella haemolysans	546270 Gemella haemolysans ATCC 10379	0.010	0.014	0.027	0.022	0.040	0.011	0.016	0.035	0.005	0.524	0.1731	0.0028	0.014	0.0916	0.3314	0.0947	0.0089	0.9396
1120941	2 Bacteria	201174 Actinobacteria	1760 Actinobacteria	2037 Actinomycetales	2049 Actinomycetaceae	1654 Actinomyces	272548 Actinomyces dentalis	1120941 Actinomyces dentalis DSM 19115	0.010	0.014	0.007	0.009	0.026	0.008	0.013	0.030	0.009	0.5671	0.1524	0.8599	0.6079	0.7782	0.7064	0.2454	0.0572	0.6288
435832	2 Bacteria	1224 Proteobacteria	28216 Betaproteobacteria	206351 Neisseriales	481 Neisseriaceae	482 Neisseria	488 Neisseria mucosa	435832 Neisseria mucosa C102	0.009	0.021	0.014	0.019	0.041	0.011	0.006	0.025	0.017	0.6997	0.0068	0.1971	0.0249	0.1051	0.4505	0.9217	0.2653	0.0649
563038	2 Bacteria	1239 Firmicutes	91061 Bacilli	186826 Lactobacillales	1300 Streptococcaceae	1301 Streptococcus	563038 Streptococcus sp. M334	563038 Streptococcus sp. M334	0.009	0.014	0.010	0.014	0.026	0.000	0.009	0.019	0.010	0.3102	0.0477	0.2279	0.0355	0.2904	0.9843	0.2888	0.149	0.2432
665950	2 Bacteria	1239 Firmicutes	186801 Clostridia	186802 Clostridiales	186803 Lachnospiraceae	572511 Blautia	33039 [Ruminococcus] torques [C]	665950 Lachnospiraceae bacterium 3_1_46FAA	0.009	0.009	0.002	0.019	0.013	0.003	-0.001	0.050	0.006	0.407	0.4235	0.7739	0.1787	0.7668	0.6709	0.8689	0.0522	0.5806
1000588	2 Bacteria	1239 Firmicutes	91061 Bacilli	186826 Lactobacillales	1300 Streptococcaceae	1301 Streptococcus	28037 Streptococcus mitis	1000588 Streptococcus mitis bv. 2 str. SK95	0.008	0.013	0.012	0.019	0.040	0.014	0.012	0.020	0.009	0.6501	0.0904	0.1871	0.0031	0.0112	0.0584	0.1924	0.3083	0.5078
1282665	2 Bacteria	1239 Firmicutes	91061 Bacilli	186826 Lactobacillales	1300 Streptococcaceae	1301 Streptococcus	1303 Streptococcus oralis	1282665 Streptococcus oralis subsp. tigurinus 1366	0.008	0.011	0.021	0.009	0.045	0.010	0.012	0.019	0.009	0.5022	0.1636	3.00E-04	0.293	1.00E-04	0.2285	0.0634	0.157	0.3461
1005704	2 Bacteria	1239 Firmicutes	91061 Bacilli	186826 Lactobacillales	1300 Streptococcaceae	1301 Streptococcus	1303 Streptococcus oralis [C]	1005704 Streptococcus oralis SK255	0.007	0.010	0.016	0.007	0.040	0.014	0.012	0.021	0.007	0.4716	0.1756	0.007	0.545	0.0014	0.014	0.0742	0.0623	0.5213
1321779	2 Bacteria	32066 Fusobacteria	203490 Fusobacteriia	203491 Fusobacteriales	1129771 Leptotrichiaceae	32067 Leptotrichia	712359 Leptotrichia sp. oral taxon 215	1321779 Leptotrichia sp. oral taxon 215 str. W9775	0.007	0.028	0.015	0.019	0.042	0.036	0.016	0.024	0.015	0.9217	0.015	0.2915	0.1044	0.3892	0.0018	0.2507	0.6345	0.3331
500632	2 Bacteria	1239 Firmicutes	186801 Clostridia	186802 Clostridiales	186803 Lachnospiraceae	1506577 Tyzzerella	29361 Tyzzerella nexilis	500632 Tyzzerella nexilis DSM 1787	0.007	0.017	0.012	0.009	0.027	0.009	0.009	0.020	0.010	0.8055	0.0024	0.0889	0.5618	0.5425	0.5409	0.5959	0.2932	0.36
1419814	2 Bacteria	1239 Firmicutes	91061 Bacilli	186826 Lactobacillales	1300 Streptococcaceae	1301 Streptococcus	1303 Streptococcus oralis [C]	1419814 Streptococcus sp. VT 162	0.007	0.009	0.017	0.012	0.037	0.015	0.014	0.015	0.008	0.4902	0.2858	0.0016	0.0475	0.0011	0.0021	0.0078	0.3823	0.3322
393480	2 Bacteria	32066 Fusobacteria	203490 Fusobacteriia	203491 Fusobacteriales	203492 Fusobacteriaceae	848 Fusobacterium	851 Fusobacterium nucleatum subsp. polymorphum [C]	393480 Fusobacterium nucleatum subsp. polymorphum ATCC 10953	0.007	0.012	0.010	0.015	0.038	0.010	0.009	0.026	0.014	0.8451	0.4376	0.6361	0.247	0.3634	0.6629	0.704	0.3489	0.2837
1680	2 Bacteria	201174 Actinobacteria	1760 Actinobacteria	85004 Bifidobacteriales	31953 Bifidobacteriaceae	1678 Bifidobacterium	1680 Bifidobacterium adolescentis	1680 Bifidobacterium adolescentis	0.007	0.016	0.022	0.008	0.058	0.007	0.011	0.032	0.027	0.9059	0.3195	0.1118	0.7951	0.0874	0.8358	0.6057	0.2713	0.0414
546266	2 Bacteria	1224 Proteobacteria	28216 Betaproteobacteria	206351 Neisseriales	481 Neisseriaceae	482 Neisseria	488 Neisseria mucosa	546266 Neisseria mucosa ATCC 25996	0.007	0.020	0.023	0.021	0.051	0.013	0.008	0.020	0.008	0.8514	0.0819	0.0439	0.0564	0.0793	0.3888	0.7824	0.697	0.7873
1236494	2 Bacteria	976 Bacteroidetes	200643 Bacteroidia	171549 Bacteroidales	171552 Prevotellaceae	838 Prevotella	407975 Prevotella pleuritidis	1236494 Prevotella pleuritidis JCM 14110	0.007	0.022	0.023	0.005	0.026	0.015	-0.002	0.039	0.029	0.7622	0.1512	0.1249	0.8103	0.7271	0.4298	0.9235	0.1727	0.0378
1028803	2 Bacteria	1224 Proteobacteria	1236 Gammaproteobacteria	135625 Pasteurellales	712 Pasteurellaceae	724 Haemophilus	726 Haemophilus haemolyticus	1028803 Haemophilus haemolyticus M19501	0.007	0.020	0.021	0.014	0.034	0.015	0.010	0.026	0.013	0.8727	0.0303	0.0177	0.1981	0.436	0.1755	0.6215	0.2272	0.2667
1118058	2 Bacteria	201174 Actinobacteria	1760 Actinobacteria	2037 Actinomycetales	2049 Actinomycetaceae	1654 Actinomyces	1654 Actinomyces sp. [C oral taxon 181/ph3]	1118058 Actinomyces sp. ph3	0.007	0.011	0.008	0.011	0.040	0.006	0.011	0.019	0.011	0.5939	0.0594	0.3875	0.056	1.00E-04	0.6457	0.0641	0.0514	0.0731
658655	2 Bacteria	1239 Firmicutes	186801 Clostridia	186802 Clostridiales	186803 Lachnospiraceae	NA Lachnospiraceae gen. incertae sedis	658655 Lachnospiraceae bacterium 1_4_56FAA	658655 Lachnospiraceae bacterium 1_4_56FAA	0.006	0.018	0.004	0.006	0.030	0.011	0.008	0.014	0.016	0.7152	0.0314	0.9664	0.8928	0.574	0.4669	0.7464	0.8507	0.0936
1321772	2 Bacteria	1224 Proteobacteria	1236 Gammaproteobacteria	135625 Pasteurellales	712 Pasteurellaceae	416916 Aggregatibacter	712148 Aggregatibacter sp. oral taxon 458	1321772 Aggregatibacter sp. oral taxon 458 str. W10330	0.006	0.021	0.014	0.012	0.043	0.017	0.012	0.020	0.008	0.9128	0.0014	0.1073	0.2936	0.0197	0.0144	0.3199	0.5174	0.7918
566552	2 Bacteria	201174 Actinobacteria	1760 Actinobacteria	85004 Bifidobacteriales	31953 Bifidobacteriaceae	1678 Bifidobacterium	1678 Bifidobacterium sp. [C catenulatum/kashiwanohense]	566552 Bifidobacterium catenulatum DSM 16992 = JCM 1194 = LMG 11043	0.006	0.005	0.026	0.010	0.032	0.009	0.017	0.034	0.029	0.8608	0.8387	0.123	0.6403	0.7451	0.7049	0.3392	0.3136	0.0816
1002367	2 Bacteria	976 Bacteroidetes	200643 Bacteroidia	171549 Bacteroidales	171552 Prevotellaceae	838 Prevotella	363265 Prevotella stercorea	1002367 Prevotella stercorea DSM 18206	0.005	0.026	0.012	0.017	0.018	0.014	0.006	0.003	0.001	0.7631	0.0207	0.3837	0.1612	0.812	0.2606	0.7248	0.9511	0.8913
245018	2 Bacteria	1239 Firmicutes	186801 Clostridia	186802 Clostridiales	186803 Lachnospiraceae	207244 Anaerostipes	649756 Anaerostipes hadrus [C]	245018 Anaerostipes hadrus	0.005	0.012	0.007	0.006	0.026	0.012	0.009	0.019	0.008	0.9543	0.1546	0.8694	0.9423	0.6847	0.1452	0.5745	0.5025	0.7378
575614	2 Bacteria	976 Bacteroidetes	200643 Bacteroidia	171549 Bacteroidales	171552 Prevotellaceae	838 Prevotella	425941 Prevotella nanceiensis [C]	575614 Prevotella sp. oral taxon 299 str. F0039	0.005	0.020	0.011	0.019	0.052	0.007	0.013	0.018	0.005	0.9377	0.0946	0.6251	0.1338	0.0966	0.8654	0.4444	0.8229	0.9253
649761	2 Bacteria	976 Bacteroidetes	200643 Bacteroidia	171549 Bacteroidales	171552 Prevotellaceae	838 Prevotella	28137 Prevotella veroralis	649761 Prevotella veroralis F0319	0.005	0.014	0.012	0.015	0.037	0.010	0.010	0.028	0.012	0.9735	0.139	0.3296	0.1212	0.2186	0.6289	0.5912	0.0764	0.399
1507	2 Bacteria	1239 Firmicutes	186801 Clostridia	186802 Clostridiales	31979 Clostridiaceae	1485 Clostridium	1507 Clostridium sp. ATCC 29733	1507 Clostridium sp. ATCC 29733	0.005	0.006	0.009	0.006	0.025	0.009	0.014	0.021	0.014	0.9012	0.8307	0.6181	0.8366	0.7422	0.6047	0.2067	0.4888	0.2129
717962	2 Bacteria	1239 Firmicutes	186801 Clostridia	186802 Clostridiales	186803 Lachnospiraceae	33042 Coprococcus	116085 Coprococcus catus	717962 Coprococcus catus GD/7	0.004	0.021	0.020	0.006	0.018	0.008	0.001	0.017	0.008	0.9373	0.0025	0.0063	0.839	0.9551	0.698	0.9909	0.5631	0.6558
1034345	2 Bacteria	201174 Actinobacteria	84998 Coriobacteriia	84999 Coriobacteriales	84107 Coriobacteriaceae	1473205 Senegalimassilia	1473216 Senegalimassilia anaerobia	1034345 Senegalimassilia anaerobia JC110	0.004	0.016	0.012	0.026	0.044	0.009	0.012	0.013	0.013	0.8503	0.2245	0.4357	0.0091	0.1608	0.6509	0.4198	0.8174	0.4036
411902	2 Bacteria	1239 Firmicutes	186801 Clostridia	186802 Clostridiales	186803 Lachnospiraceae	1506553 Lachnoclostridium	NA [Clostridium] sp. [C boltae/clostridioforme]	411902 [Clostridium] bolteae ATCC BAA-613	0.004	0.012	0.023	0.009	0.003	0.007	-0.002	0.040	0.002	0.7515	0.3364	0.091	0.5086	0.9706	0.5884	0.9342	0.1002	0.8623
762984	2 Bacteria	976 Bacteroidetes	200643 Bacteroidia	171549 Bacteroidales	815 Bacteroidaceae	816 Bacteroides	626929 Bacteroides clarus	762984 Bacteroides clarus YIT 12056	0.004	0.026	0.009	0.015	0.048	0.011	0.022	0.006	0.014	0.7695	0.0199	0.4885	0.2081	0.068	0.3811	0.0523	0.8992	0.2247
1121094	2 Bacteria	976 Bacteroidetes	200643 Bacteroidia	171549 Bacteroidales	815 Bacteroidaceae	816 Bacteroides	376804 Bacteroides barnesiae	1121094 Bacteroides barnesiae DSM 18169 = JCM 13652	0.004	0.015	0.008	0.017	0.036	0.010	0.011	0.029	0.004	0.9225	0.1448	0.6713	0.0627	0.2158	0.4335	0.3549	0.0849	0.9254
717959	2 Bacteria	976 Bacteroidetes	200643 Bacteroidia	171549 Bacteroidales	171550 Rikenellaceae	239759 Alistipes	328814 Alistipes shahii	717959 Alistipes shahii WAL 8301	0.004	0.020	0.002	0.006	0.014	0.012	0.013	0.015	0.003	0.8172	0.0855	0.8721	0.648	0.8728	0.2424	0.222	0.4737	0.8494
1504823	2 Bacteria	NA Bacteria phylum incertae sedis	NA Bacteria class incertae sedis	NA Bacteria order incertae sedis	NA Bacteria fam. incertae sedis	NA Bacteria gen. incertae sedis	1504823 bacterium LF-3	1504823 bacterium LF-3	0.003	0.038	0.005	0.018	0.034	0.012	0.019	0.013	0.006	0.7883	0.0086	0.706	0.1412	0.3303	0.3324	0.1253	0.6421	0.6746
1008453	2 Bacteria	1239 Firmicutes	91061 Bacilli	186826 Lactobacillales	1300 Streptococcaceae	1301 Streptococcus	28037 Streptococcus mitis	1008453 Streptococcus mitis SK1080	0.003	0.012	0.013	0.007	0.030	0.004	0.012	0.019	0.015	0.9431	0.0971	0.0457	0.5497	0.0857	0.908	0.0729	0.1449	0.0137
1095738	2 Bacteria	1239 Firmicutes	91061 Bacilli	186826 Lactobacillales	1300 Streptococcaceae	1301 Streptococcus	1303 Streptococcus oralis [C]	1095738 Streptococcus oralis SK1074	0.003	0.009	0.014	0.010	0.045	0.009	0.013	0.020	0.012	0.9277	0.3229	0.0354	0.2685	7.00E-04	0.3934	0.0702	0.1468	0.145
2047	2 Bacteria	201174 Actinobacteria	1760 Actinobacteria	85006 Micrococcales	1268 Micrococcaceae	32207 Rothia	32207 Rothia sp. [C aeria/dentocariosa]	2047 Rothia dentocariosa	0.003	0.027	0.014	0.022	0.064	0.009	0.012	0.023	0.014	0.9972	1.00E-04	0.1746	0.0016	1.00E-04	0.814	0.4224	0.4522	0.2217
767031	2 Bacteria	976 Bacteroidetes	200643 Bacteroidia	171549 Bacteroidales	171552 Prevotellaceae	838 Prevotella	28129 Prevotella denticola	767031 Prevotella denticola F0289	0.003	0.014	0.010	0.009	0.032	0.016	0.009	0.034	0.011	0.9775	0.1959	0.6295	0.6594	0.5297	0.1174	0.6792	0.0304	0.4886
585203	2 Bacteria	1239 Firmicutes	91061 Bacilli	186826 Lactobacillales	1300 Streptococcaceae	1301 Streptococcus	28037 Streptococcus mitis	585203 Streptococcus mitis SK564	0.003	0.015	0.008	0.011	0.029	0.005	0.009	0.019	0.012	0.9572	0.0117	0.4751	0.1573	0.1455	0.7985	0.3003	0.1467	0.066
1236513	2 Bacteria	976 Bacteroidetes	200643 Bacteroidia	171549 Bacteroidales	815 Bacteroidaceae	816 Bacteroides	871325 Bacteroides faecichinchillae	1236513 Bacteroides faecichinchillae JCM 17102	0.002	0.010	0.006	0.004	0.034	0.010	0.012	0.029	0.000	0.8827	0.4609	0.6692	0.7899	0.3605	0.4704	0.3906	0.1598	0.9096
546264	2 Bacteria	1224 Proteobacteria	28216 Betaproteobacteria	206351 Neisseriales	481 Neisseriaceae	482 Neisseria	484 Neisseria flavescens	546264 Neisseria flavescens NRL30031/H210	0.002	0.017	0.011	0.018	0.052	0.014	0.011	0.026	0.018	0.9982	0.074	0.5087	0.0459	0.0036	0.247	0.5382	0.2636	0.0541
170187	2 Bacteria	1239 Firmicutes	91061 Bacilli	186826 Lactobacillales	1300 Streptococcaceae	1301 Streptococcus	1313 Streptococcus pneumoniae	170187 Streptococcus pneumoniae TIGR4	0.002	0.016	0.011	0.017	0.036	0.012	0.011	0.026	0.017	0.9972	0.0214	0.3302	0.0051	0.0682	0.2422	0.2723	0.0367	0.0047
762982	2 Bacteria	976 Bacteroidetes	200643 Bacteroidia	171549 Bacteroidales	171552 Prevotellaceae	577309 Paraprevotella	454155 Paraprevotella xylaniphila	762982 Paraprevotella xylaniphila YIT 11841	0.002	0.011	0.012	0.025	0.045	0.009	0.005	0.013	0.018	0.8394	0.4144	0.3713	0.0501	0.1638	0.5273	0.7249	0.6925	0.1775
401473	2 Bacteria	201174 Actinobacteria	1760 Actinobacteria	85004 Bifidobacteriales	31953 Bifidobacteriaceae	1678 Bifidobacterium	1689 Bifidobacterium dentium [C]	401473 Bifidobacterium dentium Bd1	0.001	0.026	0.010	0.005	0.043	0.016	0.013	0.034	0.020	0.9208	0.0048	0.3431	0.7444	0.0287	0.066	0.1546	0.0152	0.0245
1262914	2 Bacteria	1239 Firmicutes	909932 Negativicutes	1843488 Acidaminococcales	909930 Acidaminococcaceae	33024 Phascolarctobacterium	1262914 Phascolarctobacterium sp. CAG:207	1262914 Phascolarctobacterium sp. CAG:207	0.001	0.026	0.009	0.013	0.063	0.010	0.036	0.034	0.017	0.9975	0.1516	0.9316	0.7801	0.2621	0.9155	0.0132	0.615	0.583
547045	2 Bacteria	1224 Proteobacteria	28216 Betaproteobacteria	206351 Neisseriales	481 Neisseriaceae	482 Neisseria	482 Neisseria sp. [C macacae/sicca]	547045 Neisseria sicca ATCC 29256	0.001	0.030	0.019	0.014	0.029	0.004	0.016	0.024	0.013	0.9952	1.00E-04	0.0244	0.2743	0.8061	0.9825	0.1091	0.4283	0.3334
1035189	2 Bacteria	1239 Firmicutes	91061 Bacilli	186826 Lactobacillales	1300 Streptococcaceae	1301 Streptococcus	68892 Streptococcus infantis	1035189 Streptococcus infantis SK970	0.001	0.011	0.011	0.012	0.030	0.008	0.010	0.018	0.008	0.9901	0.0536	0.0529	0.0244	0.0176	0.3726	0.1125	0.0809	0.2945
411466	2 Bacteria	201174 Actinobacteria	1760 Actinobacteria	2037 Actinomycetales	2049 Actinomycetaceae	1654 Actinomyces	1660 Actinomyces odontolyticus [C]	411466 Actinomyces odontolyticus ATCC 17982	0.001	0.025	0.011	0.012	0.048	0.012	0.009	0.024	0.010	0.9924	1.00E-04	0.0175	0.0077	1.00E-04	0.0145	0.1214	7.00E-04	0.0416
718255	2 Bacteria	1239 Firmicutes	186801 Clostridia	186802 Clostridiales	186803 Lachnospiraceae	841 Roseburia	166486 Roseburia intestinalis	718255 Roseburia intestinalis XB6B4	0.001	0.013	0.011	0.006	0.030	0.013	0.010	0.014	0.011	0.9721	0.0821	0.3	0.8668	0.3413	0.1086	0.4256	0.7116	0.3459
1232453	2 Bacteria	1239 Firmicutes	186801 Clostridia	186802 Clostridiales	NA Clostridiales fam. incertae sedis	NA Clostridiales gen. incertae sedis	1232453 Clostridiales bacterium VE202-21	1232453 Clostridiales bacterium VE202-21	0.001	0.009	0.010	0.011	0.034	0.008	0.018	0.022	0.013	0.9993	0.5168	0.4662	0.2348	0.1112	0.7502	0.0028	0.2188	0.0562
388919	2 Bacteria	1239 Firmicutes	91061 Bacilli	186826 Lactobacillales	1300 Streptococcaceae	1301 Streptococcus	1305 Streptococcus sanguinis [C]	388919 Streptococcus sanguinis SK36	0.000	0.020	0.012	0.013	0.036	0.011	0.011	0.016	0.009	0.9787	0.0048	0.2102	0.129	0.0932	0.2478	0.2382	0.5756	0.4587
1235803	2 Bacteria	976 Bacteroidetes	200643 Bacteroidia	171549 Bacteroidales	171551 Porphyromonadaceae	375288 Parabacteroides	328812 Parabacteroides goldsteinii [C]	1235803 Parabacteroides sp. ASF519	0.000	0.005	0.009	0.006	0.028	0.003	0.005	0.027	0.024	0.8953	0.6978	0.5338	0.6443	0.5175	0.795	0.7256	0.239	0.0646
411465	2 Bacteria	1239 Firmicutes	1737404 Tissierellia	1737405 Tissierellales	1570339 Peptoniphilaceae	543311 Parvimonas	33033 Parvimonas micra	411465 Parvimonas micra ATCC 33270	-0.001	0.007	0.009	0.015	0.039	0.008	0.015	0.011	0.035	0.972	0.8043	0.7131	0.4023	0.5074	0.7428	0.3517	0.9568	0.0156
411477	2 Bacteria	976 Bacteroidetes	200643 Bacteroidia	171549 Bacteroidales	171551 Porphyromonadaceae	375288 Parabacteroides	46503 Parabacteroides merdae	411477 Parabacteroides merdae ATCC 43184	-0.001	0.007	0.009	0.008	0.023	0.007	0.016	0.012	0.003	0.9898	0.5425	0.3839	0.4375	0.5842	0.5772	0.1098	0.7116	0.8661
420247	2157 Archaea	28890 Euryarchaeota	183925 Methanobacteria	2158 Methanobacteriales	2159 Methanobacteriaceae	2172 Methanobrevibacter	2173 Methanobrevibacter smithii	420247 Methanobrevibacter smithii ATCC 35061	-0.001	0.017	0.011	0.020	0.028	0.012	0.023	0.042	0.013	0.9972	0.3625	0.7628	0.2371	0.6065	0.6802	0.1459	0.1138	0.5768
1287476	2 Bacteria	976 Bacteroidetes	200643 Bacteroidia	171549 Bacteroidales	171552 Prevotellaceae	838 Prevotella	28125 Prevotella bivia	1287476 Prevotella bivia DNF00188	-0.001	0.008	-0.004	0.009	0.016	0.010	0.008	0.019	0.013	0.8918	0.3454	0.9521	0.2831	0.5587	0.2602	0.3461	0.2045	0.128
1232460	2 Bacteria	1239 Firmicutes	186801 Clostridia	186802 Clostridiales	NA Clostridiales fam. incertae sedis	NA Clostridiales gen. incertae sedis	NA Clostridiales sp. [C]	1232460 Clostridiales bacterium VE202-28	-0.002	0.007	0.005	0.011	0.029	0.006	0.011	0.026	0.010	0.9948	0.7513	0.8968	0.3764	0.5993	0.8477	0.4086	0.1983	0.5575
742735	2 Bacteria	1239 Firmicutes	186801 Clostridia	186802 Clostridiales	186803 Lachnospiraceae	1506553 Lachnoclostridium	1531 [Clostridium] clostridioforme	742735 [Clostridium] clostridioforme 2_1_49FAA	-0.002	0.001	0.030	0.007	0.029	0.006	0.005	0.020	0.008	0.9831	0.8773	0.0304	0.6525	0.4997	0.6934	0.7385	0.4647	0.5912
585202	2 Bacteria	1239 Firmicutes	91061 Bacilli	186826 Lactobacillales	1300 Streptococcaceae	1301 Streptococcus	28037 Streptococcus mitis	585202 Streptococcus mitis SK321	-0.002	0.013	0.012	0.015	0.026	0.010	0.004	0.021	0.011	1	0.007	0.0289	4.00E-04	0.1486	0.0978	0.9245	0.0232	0.078
435830	2 Bacteria	201174 Actinobacteria	1760 Actinobacteria	2037 Actinomycetales	2049 Actinomycetaceae	1654 Actinomyces	55565 Actinomyces graevenitzii	435830 Actinomyces graevenitzii C83	-0.002	0.016	0.011	0.012	0.030	0.012	0.010	0.019	0.014	0.9989	0.0062	0.1342	0.0619	0.0721	0.0617	0.1815	0.1626	0.0209
411463	2 Bacteria	1239 Firmicutes	186801 Clostridia	186802 Clostridiales	186806 Eubacteriaceae	1730 Eubacterium	39496 Eubacterium ventriosum	411463 Eubacterium ventriosum ATCC 27560	-0.003	0.020	0.008	0.013	0.027	0.012	-0.010	0.011	0.010	0.9834	0.0112	0.7269	0.3061	0.6414	0.4055	0.995	0.8919	0.557
1095726	2 Bacteria	1239 Firmicutes	91061 Bacilli	186826 Lactobacillales	1300 Streptococcaceae	1301 Streptococcus	1095726 Streptococcus sp. SK140	1095726 Streptococcus sp. SK140	-0.003	0.012	0.009	0.008	0.034	0.006	0.005	0.021	0.007	1	0.0175	0.2552	0.3432	0.0029	0.629	0.8709	0.0319	0.5073
1122991	2 Bacteria	976 Bacteroidetes	200643 Bacteroidia	171549 Bacteroidales	171552 Prevotellaceae	838 Prevotella	228603 Prevotella shahii	1122991 Prevotella shahii DSM 15611 = JCM 12083	-0.003	0.024	0.014	0.017	0.045	0.012	0.009	0.020	0.009	0.9983	0.0021	0.3628	0.0929	0.1398	0.5818	0.8204	0.7806	0.8367
1203556	2 Bacteria	201174 Actinobacteria	1760 Actinobacteria	2037 Actinomycetales	2049 Actinomycetaceae	1654 Actinomyces	1203556 Actinomyces sp. HPA0247	1203556 Actinomyces sp. HPA0247	-0.004	0.021	0.008	0.014	0.043	0.007	0.007	0.031	0.009	0.9999	0.0011	0.1833	0.0133	1.00E-04	0.3046	0.3186	4.00E-04	0.1079
596320	2 Bacteria	1224 Proteobacteria	28216 Betaproteobacteria	206351 Neisseriales	481 Neisseriaceae	482 Neisseria	484 Neisseria flavescens	596320 Neisseria flavescens SK114	-0.004	0.023	0.015	0.011	0.047	0.014	0.012	0.026	0.016	0.9999	0.0036	0.1606	0.484	0.0255	0.2367	0.3746	0.2293	0.1118
1035197	2 Bacteria	976 Bacteroidetes	200643 Bacteroidia	171549 Bacteroidales	171552 Prevotellaceae	1283313 Alloprevotella	712469 Prevotella sp. oral taxon 473	1035197 Prevotella sp. oral taxon 473 str. F0040	-0.005	0.015	0.016	0.005	0.045	0.006	0.011	0.038	0.013	0.9952	0.3623	0.3107	0.914	0.3396	0.8804	0.5783	0.1525	0.5044
709991	2 Bacteria	976 Bacteroidetes	200643 Bacteroidia	171549 Bacteroidales	1853231 Odoribacteraceae	283168 Odoribacter	28118 Odoribacter splanchnicus	709991 Odoribacter splanchnicus DSM 20712	-0.005	0.017	0.006	0.014	0.034	0.011	0.005	0.015	0.008	0.9994	0.0355	0.6255	0.0725	0.0678	0.1576	0.6512	0.4199	0.3965
411462	2 Bacteria	1239 Firmicutes	186801 Clostridia	186802 Clostridiales	186803 Lachnospiraceae	189330 Dorea	88431 Dorea longicatena	411462 Dorea longicatena DSM 13814	-0.006	0.014	0.006	0.008	0.020	0.007	0.005	0.016	0.013	0.9998	0.0892	0.8482	0.6435	0.9206	0.7778	0.917	0.7012	0.0882
1028806	2 Bacteria	1224 Proteobacteria	1236 Gammaproteobacteria	135625 Pasteurellales	712 Pasteurellaceae	724 Haemophilus	726 Haemophilus haemolyticus [C]	1028806 Haemophilus haemolyticus M21639	-0.007	0.017	0.021	0.012	0.045	0.012	0.011	0.024	0.011	1	0.032	0.0036	0.2126	0.0092	0.2723	0.3185	0.1808	0.4105
585394	2 Bacteria	1239 Firmicutes	186801 Clostridia	186802 Clostridiales	186803 Lachnospiraceae	841 Roseburia	301301 Roseburia hominis	585394 Roseburia hominis A2-183	-0.007	0.017	0.007	0.011	0.020	0.009	0.002	0.009	0.010	0.9896	0.0047	0.7348	0.3693	0.8013	0.6154	0.9214	0.855	0.4656
1236518	2 Bacteria	976 Bacteroidetes	200643 Bacteroidia	171549 Bacteroidales	171552 Prevotellaceae	838 Prevotella	589437 Prevotella scopos	1236518 Prevotella scopos JCM 17725	-0.007	0.017	0.008	0.009	0.036	0.012	0.013	0.013	0.015	1	0.0195	0.7917	0.7179	0.1829	0.2512	0.139	0.9394	0.0741
1280698	2 Bacteria	1239 Firmicutes	186801 Clostridia	186802 Clostridiales	186803 Lachnospiraceae	189330 Dorea	88431 Dorea longicatena	1280698 Dorea longicatena AGR2136	-0.007	0.010	0.006	0.006	0.037	0.009	-0.001	0.026	0.019	0.9995	0.3631	0.8023	0.815	0.1101	0.5341	0.9914	0.1336	0.0323
445972	2 Bacteria	1239 Firmicutes	186801 Clostridia	186802 Clostridiales	541000 Ruminococcaceae	244127 Anaerotruncus	169435 Anaerotruncus colihominis	445972 Anaerotruncus colihominis DSM 17241	-0.008	0.021	0.011	0.011	0.026	0.014	0.008	0.019	0.012	0.9999	0.0011	0.3116	0.3516	0.7756	0.0885	0.7405	0.5416	0.2739
552396	2 Bacteria	1239 Firmicutes	186801 Clostridia	186802 Clostridiales	186806 Eubacteriaceae	1730 Eubacterium	457402 Eubacterium sp. 3_1_31 [C]	552396 Erysipelotrichaceae bacterium 5_2_54FAA	-0.009	0.012	0.005	0.010	0.039	0.011	0.011	0.019	0.018	0.9991	0.3391	0.8891	0.5255	0.1427	0.4391	0.382	0.5424	0.0497
1236497	2 Bacteria	976 Bacteroidetes	200643 Bacteroidia	171549 Bacteroidales	171552 Prevotellaceae	838 Prevotella	28136 Prevotella oulorum	1236497 Prevotella oulorum JCM 14966	-0.010	0.017	0.014	0.013	0.042	0.013	0.014	0.025	0.006	1	0.0656	0.2976	0.3595	0.1443	0.3207	0.2604	0.362	0.9486
658086	2 Bacteria	1239 Firmicutes	186801 Clostridia	186802 Clostridiales	186803 Lachnospiraceae	NA Lachnospiraceae gen. incertae sedis	658086 Lachnospiraceae bacterium 3_1_57FAA_CT1	658086 Lachnospiraceae bacterium 3_1_57FAA_CT1	-0.011	0.013	0.016	0.000	0.021	0.008	0.012	0.016	0.012	0.9997	0.2396	0.1075	0.992	0.9009	0.7217	0.2903	0.7738	0.3583
445973	2 Bacteria	1239 Firmicutes	186801 Clostridia	186802 Clostridiales	186804 Peptostreptococcaceae	1505657 Intestinibacter	261299 Intestinibacter bartlettii	445973 Intestinibacter bartlettii DSM 16795	-0.011	0.023	0.005	0.010	0.031	0.007	0.005	0.033	0.008	0.9984	0.0589	0.7929	0.5244	0.5336	0.7117	0.7816	0.1892	0.678
1256908	2 Bacteria	1239 Firmicutes	186801 Clostridia	186802 Clostridiales	186806 Eubacteriaceae	1730 Eubacterium	39490 Eubacterium ramulus	1256908 Eubacterium ramulus ATCC 29099	-0.012	0.004	0.011	0.012	0.036	0.010	0.006	0.016	0.011	0.9983	0.9123	0.3518	0.2108	0.1244	0.4558	0.8615	0.6238	0.3658
245014	2 Bacteria	1239 Firmicutes	186801 Clostridia	186802 Clostridiales	NA Clostridiales fam. incertae sedis	NA Clostridiales gen. incertae sedis	245014 butyrate-producing bacterium SS3/4	245014 butyrate-producing bacterium SS3/4	-0.014	0.011	0.012	0.012	0.026	0.009	0.003	0.013	0.002	1	0.3039	0.19	0.1992	0.6751	0.5204	0.9617	0.7925	0.9659
742817	2 Bacteria	976 Bacteroidetes	200643 Bacteroidia	171549 Bacteroidales	1853231 Odoribacteraceae	283168 Odoribacter	626933 Odoribacter laneus	742817 Odoribacter laneus YIT 12061	-0.016	0.001	0.002	0.018	0.026	0.023	0.010	0.058	0.016	0.9972	0.8823	0.8606	0.2113	0.6725	0.0999	0.5424	0.0249	0.2637
1236508	2 Bacteria	976 Bacteroidetes	200643 Bacteroidia	171549 Bacteroidales	171552 Prevotellaceae	838 Prevotella	596085 Prevotella aurantiaca	1236508 Prevotella aurantiaca JCM 15754	-0.019	0.017	0.015	0.017	0.048	0.009	0.011	0.024	0.011	1	0.0374	0.0965	0.0437	0.0083	0.8261	0.527	0.4311	0.6326
1226322	2 Bacteria	1239 Firmicutes	186801 Clostridia	186802 Clostridiales	216572 Oscillospiraceae	459786 Oscillibacter	1226322 Oscillibacter sp. KLE 1728	1226322 Oscillibacter sp. KLE 1728	-0.020	0.004	0.005	0.011	0.041	0.009	0.012	0.015	0.005	1	0.9524	0.9145	0.3349	0.0294	0.5744	0.2354	0.7165	0.9296
1054460	2 Bacteria	1239 Firmicutes	91061 Bacilli	186826 Lactobacillales	1300 Streptococcaceae	1301 Streptococcus	257758 Streptococcus pseudopneumoniae	1054460 Streptococcus pseudopneumoniae IS7493	-0.021	0.011	0.013	0.013	0.024	0.008	0.012	0.021	0.012	1	0.2911	0.0955	0.0876	0.6905	0.5641	0.1874	0.1497	0.1402
470146	2 Bacteria	1239 Firmicutes	186801 Clostridia	186802 Clostridiales	186803 Lachnospiraceae	33042 Coprococcus	410072 Coprococcus comes	470146 Coprococcus comes ATCC 27758	-0.021	0.012	0.004	0.010	0.013	0.005	0.020	0.014	0.008	0.9999	0.2451	0.856	0.3625	0.9492	0.8248	0.0456	0.7197	0.5927
657309	2 Bacteria	976 Bacteroidetes	200643 Bacteroidia	171549 Bacteroidales	815 Bacteroidaceae	816 Bacteroides	371601 Bacteroides xylanisolvens [C]	657309 Bacteroides xylanisolvens XB1A	-0.022	0.014	0.008	0.010	0.023	0.013	0.015	0.010	0.011	1	0.0818	0.5282	0.3452	0.5947	0.1144	0.0661	0.8864	0.2494
657323	2 Bacteria	1239 Firmicutes	186801 Clostridia	186802 Clostridiales	186803 Lachnospiraceae	572511 Blautia	1226324 Blautia sp. KLE 1732	657323 Ruminococcus sp. SR1/5	-0.023	0.007	0.007	0.009	0.025	0.012	0.015	0.016	0.009	1	0.7884	0.8455	0.4583	0.6865	0.1597	0.0229	0.7231	0.461
742740	2 Bacteria	1239 Firmicutes	186801 Clostridia	186802 Clostridiales	186803 Lachnospiraceae	1506553 Lachnoclostridium	1512 [Clostridium] symbiosum [C]	742740 [Clostridium] symbiosum WAL-14163	-0.023	0.004	0.006	0.008	0.018	0.009	0.007	0.016	0.013	1	0.9478	0.8716	0.7307	0.9676	0.6082	0.8509	0.7266	0.1731
657313	2 Bacteria	1239 Firmicutes	186801 Clostridia	186802 Clostridiales	186803 Lachnospiraceae	572511 Blautia	33039 [Ruminococcus] torques	657313 [Ruminococcus] torques L2-14	-0.024	0.010	0.006	0.003	0.019	0.012	0.009	0.009	0.010	1	0.3402	0.8502	0.9541	0.8819	0.1895	0.5209	0.931	0.3547
483216	2 Bacteria	976 Bacteroidetes	200643 Bacteroidia	171549 Bacteroidales	815 Bacteroidaceae	816 Bacteroides	28111 Bacteroides eggerthii	483216 Bacteroides eggerthii DSM 20697	-0.026	0.002	0.001	-0.012	0.008	0.032	0.007	0.014	0.025	0.9994	0.8217	0.8471	0.9907	0.9099	0.0136	0.591	0.6196	0.0404
1408428	2 Bacteria	1224 Proteobacteria	28221 Deltaproteobacteria	213115 Desulfovibrionales	194924 Desulfovibrionaceae	35832 Bilophila	35833 Bilophila wadsworthia [C]	1408428 Bilophila wadsworthia ATCC 49260	-0.030	0.006	0.004	0.007	0.035	0.008	0.010	0.032	0.008	1	0.7615	0.9039	0.6462	0.3083	0.6161	0.4359	0.1597	0.5511
1122980	2 Bacteria	976 Bacteroidetes	200643 Bacteroidia	171549 Bacteroidales	171552 Prevotellaceae	838 Prevotella	305719 Prevotella baroniae	1122980 Prevotella baroniae DSM 16972 = JCM 13447	-0.031	0.012	0.017	0.006	0.022	0.002	0.010	0.036	0.012	1	0.3812	0.1709	0.6747	0.698	0.844	0.474	0.082	0.3848
411469	2 Bacteria	1239 Firmicutes	186801 Clostridia	186802 Clostridiales	186806 Eubacteriaceae	1730 Eubacterium	39488 [Eubacterium] hallii	411469 [Eubacterium] hallii DSM 3353	-0.039	0.084	0.012	0.005	0.020	0.014	0.007	0.004	0.008	1	1.00E-04	0.249	0.8052	0.7194	0.1724	0.5656	0.9513	0.4415
657314	2 Bacteria	1239 Firmicutes	186801 Clostridia	186802 Clostridiales	186803 Lachnospiraceae	572511 Blautia	40520 Blautia obeum	657314 Blautia obeum A2-162	-0.046	0.012	0.010	0.009	0.034	0.007	0.009	0.025	0.018	1	0.2491	0.3592	0.5266	0.2014	0.722	0.4937	0.186	0.0437
457424	2 Bacteria	976 Bacteroidetes	200643 Bacteroidia	171549 Bacteroidales	815 Bacteroidaceae	816 Bacteroides	817 Bacteroides fragilis [C]	457424 Bacteroides fragilis 3_1_12	-0.049	0.024	0.008	0.002	0.025	0.016	0.015	0.012	0.027	1	0.0556	0.462	0.8071	0.505	0.178	0.2118	0.6578	0.038
471870	2 Bacteria	976 Bacteroidetes	200643 Bacteroidia	171549 Bacteroidales	815 Bacteroidaceae	816 Bacteroides	329854 Bacteroides intestinalis	471870 Bacteroides intestinalis DSM 17393	-0.053	0.001	0.004	0.012	0.020	0.009	0.005	0.006	-0.015	0.9999	0.8049	0.6752	0.3461	0.6608	0.4512	0.6442	0.8034	0.9847
1118061	2 Bacteria	976 Bacteroidetes	200643 Bacteroidia	171549 Bacteroidales	171550 Rikenellaceae	239759 Alistipes	1118061 Alistipes obesi	1118061 Alistipes obesi	-0.053	-0.002	0.008	0.004	0.024	0.000	0.005	0.016	0.009	1	0.9027	0.5482	0.7409	0.5824	0.8459	0.7096	0.5385	0.4729
563031	2 Bacteria	976 Bacteroidetes	200643 Bacteroidia	171549 Bacteroidales	171552 Prevotellaceae	838 Prevotella	563031 Prevotella sp. C561	563031 Prevotella sp. C561	-0.103	0.006	0.008	0.004	0.028	0.004	0.007	0.021	0.013	1	0.6405	0.4507	0.7922	0.3009	0.7868	0.605	0.2482	0.1732
1121098	2 Bacteria	976 Bacteroidetes	200643 Bacteroidia	171549 Bacteroidales	815 Bacteroidaceae	816 Bacteroides	204516 Bacteroides massiliensis	1121098 Bacteroides massiliensis B84634 = Timone 84634 = DSM 17679 = JCM 13223	-0.108	0.016	0.024	0.004	0.032	0.004	0.004	0.018	0.016	1	0.0781	0.0089	0.7953	0.1972	0.7885	0.8071	0.4333	0.0826
1095752	2 Bacteria	976 Bacteroidetes	200643 Bacteroidia	171549 Bacteroidales	171552 Prevotellaceae	838 Prevotella	712461 Prevotella sp. oral taxon 306	1095752 Prevotella sp. oral taxon 306 str. F0472	-0.333	0.016	0.014	0.011	0.028	0.009	0.018	0.023	0.005	1	0.1334	0.2604	0.4943	0.5684	0.6194	0.0567	0.4154	0.7997
1122975	2 Bacteria	976 Bacteroidetes	200643 Bacteroidia	171549 Bacteroidales	171551 Porphyromonadaceae	836 Porphyromonas	322095 Porphyromonas somerae	1122975 Porphyromonas somerae DSM 23386	-0.334	0.023	0.020	0.016	0.008	0.014	0.014	0.019	0.034	1	0.3277	0.3837	0.4471	0.7888	0.4797	0.4833	0.5622	0.1726
1284775	2 Bacteria	976 Bacteroidetes	200643 Bacteroidia	171549 Bacteroidales	171552 Prevotellaceae	838 Prevotella	1284775 Prevotella sp. S7-1-8	1284775 Prevotella sp. S7-1-8	-0.556	0.022	0.020	0.013	0.016	0.013	0.012	0.018	0.021	1	0.171	0.2178	0.42	0.7083	0.4092	0.4446	0.5345	0.1756
1401078	2 Bacteria	976 Bacteroidetes	200643 Bacteroidia	171549 Bacteroidales	171552 Prevotellaceae	838 Prevotella	28127 Prevotella buccalis [C]	1401078 Prevotella buccalis DNF00985	-0.618	0.013	0.014	0.014	0.027	0.001	0.011	0.020	0.008	1	0.4347	0.4006	0.3941	0.6097	0.807	0.5084	0.555	0.6251
1287488	2 Bacteria	976 Bacteroidetes	200643 Bacteroidia	171549 Bacteroidales	171552 Prevotellaceae	838 Prevotella	1287488 Prevotella sp. S7 MS 2	1287488 Prevotella sp. S7 MS 2	-0.630	0.016	0.017	0.008	0.034	0.006	0.011	0.028	0.013	1	0.3557	0.3498	0.654	0.519	0.7093	0.5524	0.3994	0.4725
679190	2 Bacteria	976 Bacteroidetes	200643 Bacteroidia	171549 Bacteroidales	171552 Prevotellaceae	838 Prevotella	28127 Prevotella buccalis	679190 Prevotella buccalis ATCC 35310	-0.654	0.010	0.018	0.009	0.040	0.011	-0.003	0.017	0.010	1	0.5609	0.3331	0.6007	0.4163	0.5271	0.8279	0.6086	0.5592
1122981	2 Bacteria	976 Bacteroidetes	200643 Bacteroidia	171549 Bacteroidales	171552 Prevotellaceae	838 Prevotella	28128 Prevotella corporis	1122981 Prevotella corporis DSM 18810 = JCM 8529	-0.691	0.016	0.012	0.004	0.046	0.007	0.003	0.011	0.009	1	0.3934	0.5391	0.7698	0.3325	0.7041	0.7841	0.7102	0.6566